ROWNUM  Q  VPD  E  Dat  H  T  hours  A  Err  Err_E  #SvFver_62_tbl
	0.0	0.0	364.259131746228	0.073888888888889	620.0	74.0	12.0	0.5	nan	nan	-0.111052071521867
	1.0	0.0	336.23919853498	0.046111111111111	620.0	76.0	12.0	1.0	nan	nan	-0.1250561105351635
	2.0	0.0	350.249165140604	0.046111111111111	620.0	75.0	12.0	1.5	nan	nan	-0.1325196790156884
	3.0	0.0	294.209298718107	0.046111111111111	620.0	79.0	12.0	2.0	nan	nan	-0.1041191823395225
	4.0	0.0	308.219265323732	0.046111111111111	620.0	78.0	12.0	2.5	nan	nan	-0.11143104166722592
	5.0	0.0	266.189365506859	0.046111111111111	620.0	81.0	12.0	3.0	nan	nan	-0.0900365702846391
	6.0	0.0	249.152690900173	0.046111111111111	620.0	81.0	11.0	3.5	-0.160869767441859	0.08507128983773571	-0.08139593277423282
	7.0	0.0	249.152690900173	0.046111111111111	620.0	81.0	11.0	4.0	-0.0714976744186026	0.1744433828609921	-0.0814529918508885
	8.0	0.0	118.019695689555	0.0	620.0	91.0	11.0	4.5	-0.0714976744186026	0.1744433828609921	-0.0604442531813415
	9.0	0.0	131.132995210617	0.0	620.0	90.0	11.0	5.0	-0.0714976744186026	0.1744433828609921	-0.06719599801306887
	10.0	0.0	144.246294731679	0.0	620.0	89.0	11.0	5.5	-0.0714976744186026	0.1744433828609921	-0.0739406480342095
	11.0	0.0	157.359594252741	0.0	620.0	88.0	11.0	6.0	-0.0714976744186026	0.1744433828609921	-0.08067963915233148
	12.0	31.41	140.099666056242	0.241666666666666	620.0	90.0	12.0	6.5	0.0714976744186026	-1.0338669462224703	0.1390922417659527
	13.0	62.82	140.099666056242	0.29111111111111	620.0	90.0	12.0	7.0	0.339613953488372	-1.4442379422158271	0.15780045705009618
	14.0	31.41	154.109632661866	nan	620.0	89.0	12.0	7.5	2.59179069767436	1.4848341625103731	nan
	15.0	31.41	179.521279054899	0.196111111111111	620.0	88.0	13.0	8.0	3.98599534883718	2.842969579334588	0.06468820143376458
	16.0	659.61	194.481385642807	0.90111111111111	620.0	87.0	13.0	8.5	5.71981395348834	-1.964458711706035	0.36241203463359406
	17.0	439.74	239.496115379859	0.59722222222222	620.0	85.0	14.0	9.0	5.55894418604654	-1.8380431759121203	-0.03289845254070223
	18.0	596.745	255.46252307185	0.90111111111111	620.0	84.0	14.0	9.5	5.3802	-2.3565697833681387	0.1983451898129931
	19.0	471.105	374.6966380482	1.40444444444445	620.0	78.0	15.0	10.0	3.80725116279064	-3.78123109488433	0.40517563903571996
	20.0	439.74	374.6966380482	1.50777777777778	620.0	78.0	15.0	10.5	11.636246511628	4.330839768160883	0.5325820704908285
	21.0	2198.7	435.810845541807	1.26888888888889	620.0	76.0	16.0	11.0	9.02658139534884	-2.9904894633948196	-0.06757960418327191
	22.0	3141.0	562.922342158167	0.914444444444445	620.0	69.0	16.0	11.5	10.7604	-0.9892537295269186	-0.808692744393472
	23.0	94.23	464.418865453831	nan	620.0	76.0	17.0	12.0	nan	nan	nan
	24.0	62.82	232.209432726916	nan	620.0	88.0	17.0	12.5	nan	nan	nan
	25.0	125.64	108.952711385452	nan	620.0	94.0	16.0	13.0	nan	nan	nan
	26.0	1570.5	85.1583268291362	nan	620.0	95.0	15.0	13.5	nan	nan	nan
	27.0	2512.8	90.793926154543	0.062222222222222	620.0	95.0	16.0	14.0	nan	nan	-0.2200398888638866
	28.0	345.465	90.793926154543	0.155555555555555	620.0	95.0	16.0	14.5	1.89468837209308	-4.656443107938903	-0.06295778355932649
	29.0	188.46	72.6351409236345	0.103333333333334	620.0	96.0	16.0	15.0	1.73381860465115	-2.8834100323348117	-0.02330872079160931
	30.0	1570.5	72.6351409236345	nan	620.0	96.0	16.0	15.5	nan	nan	nan
	31.0	533.97	90.793926154543	nan	620.0	95.0	16.0	16.0	nan	nan	nan
	32.0	314.1	108.952711385452	nan	620.0	94.0	16.0	16.5	nan	nan	nan
	33.0	1099.35	145.270281847269	0.209444444444444	620.0	92.0	16.0	17.0	6.93527441860462	-3.4874987192801905	-0.20614734634962734
	34.0	2387.115	328.963363029797	0.624444444444445	620.0	83.0	17.0	17.5	nan	nan	-0.402130135503453
	35.0	785.25	544.763556927258	1.13833333333334	620.0	70.0	16.0	18.0	2.7705348837209	-5.375748373364356	-0.35570539537712587
	36.0	251.28	459.854964877336	0.783333333333335	620.0	73.0	15.0	18.5	1.37633023255808	-3.9812639501189375	-0.15262464370444873
	37.0	94.23	381.334489849081	0.639444444444445	620.0	79.0	16.0	19.0	1.03671627906977	-1.7577664580199552	0.20562457962289116
	38.0	157.05	303.361746147822	0.73111111111111	620.0	81.0	14.0	19.5	1.03671627906977	-2.8115038052825803	0.2605531197461112
	39.0	31.41	374.6966380482	0.40388888888889	620.0	78.0	15.0	20.0	0.518358139534884	-0.625326716569768	0.1340205148546979
	40.0	45.0	209.441492230716	0.232222222222222	620.0	86.0	13.0	20.5	0.679227906976744	-0.697493520490277	0.06111846591248779
	41.0	45.0	191.596892303887	0.194444444444445	620.0	88.0	14.0	21.0	0.518358139534884	-0.9172393381795669	0.037353389758992606
	42.0	0.0	224.159465689987	0.247777777777778	620.0	84.0	12.0	21.5	-0.160869767441859	0.08507128983773571	0.1335508616665968
	43.0	0.0	252.179398901235	0.112222222222222	620.0	82.0	12.0	22.0	-0.339613953488372	-0.09367289620877728	-0.01652942655153411
	44.0	0.0	236.039391379111	0.207222222222222	620.0	82.0	11.0	22.5	-0.339613953488372	-0.09367289620877728	0.086568948530772
	45.0	0.0	393.398985631851	0.395	620.0	70.0	11.0	23.0	-0.339613953488372	-0.09367289620877728	0.19374090264835273
	46.0	0.0	524.531980842469	nan	620.0	60.0	11.0	23.5	-0.339613953488372	-0.09367289620877728	nan
	47.0	0.0	502.968377994809	nan	620.0	59.0	10.0	24.0	-0.160869767441859	0.08507128983773571	nan
	48.0	0.0	435.865691740992	0.488333333333333	621.0	62.0	9.0	0.5	-0.160869767441859	0.08507128983773571	0.2654017761354788
	49.0	0.0	490.700856580301	0.440555555555555	621.0	60.0	10.0	1.0	-0.160869767441859	0.08507128983773571	0.1895535732304744
	50.0	0.0	385.876824609491	0.298333333333332	621.0	64.0	8.0	1.5	-0.160869767441859	0.08507128983773571	0.10096813454818002
	51.0	0.0	355.574643262388	0.176111111111111	621.0	69.0	9.0	2.0	-0.160869767441859	0.08507128983773571	-0.0057985382911261985
	52.0	0.0	300.335577480805	0.105	621.0	70.0	7.0	2.5	-0.160869767441859	0.08507128983773571	-0.04868923290944431
	53.0	0.0	267.970017089924	0.087222222222222	621.0	75.0	8.0	3.0	-0.0714976744186026	0.1744433828609921	-0.049950651404657986
	54.0	0.0	252.317976318072	0.26388888888889	621.0	73.0	6.0	3.5	-0.0714976744186026	0.1744433828609921	0.1346864915477859
	55.0	0.0	271.008196786077	0.22	621.0	71.0	6.0	4.0	-0.0714976744186026	0.1744433828609921	0.08118956902679211
	56.0	125.64	261.663086552074	0.21	621.0	72.0	6.0	4.5	-0.0714976744186026	-1.6784510137250066	-0.14917931606428972
	57.0	251.28	252.317976318072	0.307222222222222	621.0	73.0	6.0	5.0	0.0	-2.601747985221811	-0.21644642699132238
	58.0	502.56	205.592425148059	0.354444444444445	621.0	78.0	6.0	5.5	0.0	-3.605372475631773	-0.20151235932968203
	59.0	816.615	224.282645616064	0.437222222222222	621.0	76.0	6.0	6.0	0.518358139534884	-3.303157147933767	-0.18065409154445594
	60.0	1256.4	174.3693719677	0.485	621.0	80.0	5.0	6.5	2.59179069767436	-1.21152899003404	-0.02756294501395906
	61.0	942.255	270.272526549936	0.69611111111111	621.0	69.0	5.0	7.0	1.73381860465115	-1.3878539417886233	-0.051898800348397
	62.0	816.615	313.864869541861	0.89111111111111	621.0	64.0	5.0	7.5	2.7705348837209	-0.18584233955495089	0.031278157662130934
	63.0	942.255	331.301806738631	0.959444444444445	621.0	62.0	5.0	8.0	3.98599534883718	0.8731508929887579	0.04831690473508854
	64.0	1915.965	366.175681132171	1.26833333333333	621.0	58.0	5.0	8.5	4.73216295348834	0.3939510643448374	0.15206431734062398
	65.0	2135.88	420.52996053012	1.22777777777778	621.0	55.0	6.0	9.0	3.98889100465116	-2.1485401863380726	-0.05171373701981885
	66.0	2355.75	440.49218030518	1.58666666666667	621.0	56.0	7.0	9.5	3.90586433023256	-3.2489534579820067	0.250587753637185
	67.0	2481.345	410.4586225571	1.57944444444444	621.0	59.0	7.0	10.0	3.93455277209308	-3.105022306613918	0.338868297129272
	68.0	2575.575	460.514552137234	1.67	621.0	54.0	7.0	10.5	3.27205532093026	-3.6365367613838897	0.2827165523693449
	69.0	2826.9	482.346030761864	1.775	621.0	55.0	8.0	11.0	3.8954792930232	-3.833838076771013	0.3308637229210618
	70.0	3046.725	482.346030761864	1.30944444444445	621.0	55.0	8.0	11.5	3.96249048837206	-3.650567593948585	-0.12583116317348209
	71.0	2983.905	482.346030761864	1.22388888888889	621.0	55.0	8.0	12.0	3.91973487906974	-3.6144195641123864	-0.20469994473680408
	72.0	2952.495	370.413878892993	0.74388888888889	621.0	63.0	7.0	12.5	3.47165895348834	-2.9959977811707224	-0.349377471581351
	73.0	2921.13	370.413878892993	0.70222222222222	621.0	63.0	7.0	13.0	3.49085607906974	-2.978682303238344	-0.396801264885981
	74.0	2921.13	360.402692976966	0.794444444444445	621.0	64.0	7.0	13.5	3.45773478139538	-3.042482118003859	-0.27875878960976097
	75.0	2921.13	410.4586225571	0.96388888888889	621.0	59.0	7.0	14.0	5.55538717674424	-0.9895243972498164	-0.2622488343204671
	76.0	1800.0	350.391507060939	0.88111111111111	621.0	65.0	7.0	14.5	5.55538717674424	-1.001016384940459	-0.14888300875708504
	77.0	1036.485	471.627230078267	1.095	621.0	56.0	8.0	15.0	5.75495506046512	-0.28965306789688494	-0.17922830278014312
	78.0	282.645	493.064831445461	1.13166666666667	621.0	54.0	8.0	15.5	3.17737452558142	-0.8586300305485346	0.09571126113929784
	79.0	628.2	525.221233496252	1.17611111111111	621.0	51.0	8.0	16.0	5.06135612093026	-0.27571333445516455	-0.21080879374234196
	80.0	392.625	557.377635547043	1.22111111111111	621.0	48.0	8.0	16.5	4.63226282790692	-0.20877132643035434	-0.13011233186459314
	81.0	471.105	557.377635547043	1.31111111111111	621.0	48.0	8.0	17.0	4.91891487906974	-0.20439336448340395	-0.10479505507424203
	82.0	910.845	557.377635547043	1.38277777777778	621.0	48.0	8.0	17.5	5.7020289069768	0.10398065868026585	-0.07749714080217385
	83.0	157.05	546.658834863446	1.31111111111111	621.0	49.0	8.0	18.0	3.2235084	0.7333745169614412	0.5005006625103702
	84.0	471.105	546.658834863446	1.08722222222222	621.0	49.0	8.0	18.5	4.77238039534884	-0.272551060422904	-0.3067767445815399
	85.0	753.84	557.377635547043	1.13166666666667	621.0	48.0	8.0	19.0	5.56848912558142	0.35053589359043613	-0.32742523914496013
	86.0	188.46	589.534037597834	1.20777777777778	621.0	45.0	8.0	19.5	4.40960119534884	1.5102061819696107	0.234766547400739
	87.0	942.255	589.534037597834	1.03888888888889	621.0	45.0	8.0	20.0	5.86784988837206	0.3217583942526394	-0.5199434713224369
	88.0	78.525	557.377635547043	0.954444444444445	621.0	48.0	8.0	20.5	2.9483496	1.5407302540963748	0.39850221055219304
	89.0	439.74	493.064831445461	1.09166666666667	621.0	54.0	8.0	21.0	4.06961187906974	-0.8123225257477289	-0.15056025638859305
	90.0	62.82	380.425064809019	0.70277777777778	621.0	62.0	7.0	21.5	1.07712140232558	0.0037817314005530456	0.35778933839254523
	91.0	0.0	380.425064809019	0.739444444444445	621.0	62.0	7.0	22.0	0.455007625116282	0.7009486823958767	0.5507463565435637
	92.0	0.0	420.469808473127	0.475555555555555	621.0	58.0	7.0	22.5	0.992357334418602	1.2382983916981967	0.2646093015582134
	93.0	0.0	370.413878892993	0.39	621.0	63.0	7.0	23.0	0.350823001395346	0.5967640586749408	0.2029172576959162
	94.0	0.0	345.769078658098	0.34611111111111	621.0	63.0	6.0	23.5	1.04300271209303	1.288943769372625	0.17069135692774778
	95.0	0.0	336.423968424096	0.25888888888889	621.0	64.0	6.0	24.0	0.918571734418602	1.1645127916981965	0.0876992388698995
	96.0	0.0	296.427932345091	0.31111111111111	622.0	66.0	5.0	0.5	-0.0714976744186026	0.1744433828609921	0.1599718432896072
	97.0	0.0	287.709463746706	0.216666666666666	622.0	67.0	5.0	1.0	-0.0714976744186026	0.1744433828609921	0.06975607317749122
	98.0	0.0	270.272526549936	0.129444444444445	622.0	69.0	5.0	1.5	-0.0714976744186026	0.1744433828609921	-0.008704076333171301
	99.0	0.0	261.554057951551	0.103888888888889	622.0	70.0	5.0	2.0	-0.0714976744186026	0.1744433828609921	-0.029904306061041108
	100.0	0.0	203.231086653762	0.0605555555555555	622.0	75.0	4.0	2.5	-0.0714976744186026	0.1744433828609921	-0.04346071120775259
	101.0	0.0	203.231086653762	0.103888888888889	622.0	75.0	4.0	3.0	-0.0714976744186026	0.1744433828609921	-0.00018305256782250034
	102.0	0.0	203.231086653762	0.173333333333334	622.0	75.0	4.0	3.5	0.0	0.2459410572795947	0.0692224467883407
	103.0	45.0	195.101843187611	0.130555555555555	622.0	76.0	4.0	4.0	0.518358139534884	0.26085023455462225	-0.03069447270972478
	104.0	45.0	178.843356255311	0.174444444444445	622.0	78.0	4.0	4.5	1.03671627906977	0.7781673129771941	0.026640797761680407
	105.0	62.82	209.243246361241	0.332222222222222	622.0	76.0	5.0	5.0	1.28695813953487	0.49065296617262855	0.13326883588563487
	106.0	125.64	217.961714959626	0.395555555555555	622.0	75.0	5.0	5.5	5.20145581395346	3.892725996882441	0.09636380659834531
	107.0	125.64	226.680183558011	0.466666666666668	622.0	74.0	5.0	6.0	4.32560930232564	3.012444318149334	0.15571478604237293
	108.0	345.465	244.117120754781	0.663333333333335	622.0	72.0	5.0	6.5	4.16473953488372	1.6604550659451744	0.07205715803868695
	109.0	942.255	271.008196786077	1.025	622.0	71.0	6.0	7.0	8.66909302325576	4.508281552306762	0.27200042954987624
	110.0	502.56	330.369135228885	1.25333333333334	622.0	67.0	7.0	7.5	4.0	-0.6608613227916518	0.363557424842365
	111.0	1570.5	385.876824609491	1.35055555555556	622.0	64.0	8.0	8.0	10.4207860465117	2.2992621873629595	0.18157167987158496
	112.0	439.74	439.470828027476	1.19444444444445	622.0	59.0	8.0	8.5	7.81112093023256	2.421360847235289	0.05771122586682087
	113.0	1381.995	596.447788698199	1.65833333333334	622.0	48.0	9.0	9.0	13.8884232558141	5.320442005064153	-0.09931855410272594
	114.0	973.71	662.446156383407	1.55444444444445	622.0	46.0	10.0	9.5	6.41691627906974	-0.8804745540061738	-0.22989572298524896
	115.0	1570.5	686.981199212422	1.86333333333334	622.0	44.0	10.0	10.0	6.41691627906974	-3.9823481789977198	-0.1292231684872831
	116.0	1601.91	711.516242041437	2.00222222222222	622.0	42.0	10.0	10.5	11.7971162790697	1.5260187774963097	-0.02729997583589805
	117.0	1884.555	773.684671742641	1.40666666666667	622.0	41.0	11.0	11.0	6.20145581395346	-4.42964607009228	-0.7845362878470039
	118.0	628.2	773.684671742641	1.745	622.0	41.0	11.0	11.5	6.59566046511628	0.21266713897316514	-0.17436789879940195
	119.0	3517.92	760.57137222158	1.99222222222222	622.0	42.0	11.0	12.0	8.20145581395346	-2.0151058657833794	-0.13835151838690796
	120.0	1884.555	708.118174137333	1.81111111111111	622.0	46.0	11.0	12.5	7.81112093023256	-2.21380163359842	-0.11826766395028199
	121.0	314.1	708.118174137333	1.66444444444445	622.0	46.0	11.0	13.0	3.4676372093023	-1.6756286419780242	0.21241817619589698
	122.0	3203.82	466.165813751286	0.45	622.0	62.0	10.0	13.5	11.636246511628	1.8376893285008933	-0.8549395554820671
	123.0	628.2	537.64528036353	1.19666666666667	622.0	59.0	11.0	14.0	5.55894418604654	-0.77388065598059	-0.1507460778657559
	124.0	1256.4	550.758579884592	1.57111111111111	622.0	58.0	11.0	14.5	8.66909302325576	-0.7846484853738271	0.08115230373661908
	125.0	3769.155	644.458463858711	nan	622.0	54.0	12.0	15.0	11.0	0.1752030152822499	nan
	126.0	439.74	644.458463858711	1.41777777777778	622.0	54.0	12.0	15.5	5.55894418604654	-0.7600074259221268	-0.12268204567462204
	127.0	2250.0	672.47839706996	2.11777777777778	622.0	52.0	12.0	16.0	5.20145581395346	-5.624356518653629	0.20762923800386823
	128.0	2355.75	644.458463858711	1.94833333333334	622.0	54.0	12.0	16.5	9.02658139534884	-1.7721925756506796	0.13133889560826995
	129.0	1727.505	728.518263492456	1.96	622.0	48.0	12.0	17.0	6.59566046511628	-4.08871052678297	-0.060074671912131894
	130.0	314.1	700.498330281208	2.19777777777778	622.0	50.0	12.0	17.5	2.7705348837209	-2.6941656274836956	0.7428440908831337
	131.0	1570.5	742.528230098081	1.54777777777778	622.0	47.0	12.0	18.0	6.93527441860462	-3.46779126811873	-0.4975213114151229
	132.0	471.105	700.498330281208	1.44888888888889	622.0	50.0	12.0	18.5	6.41691627906974	0.09182022997901917	-0.2226576008046941
	133.0	1633.275	714.508296886832	1.67055555555556	622.0	49.0	12.0	19.0	7.81112093023256	-2.4634513394633792	-0.28982665047712497
	134.0	345.465	642.551676532024	1.175	622.0	51.0	11.0	19.5	2.59179069767436	-2.7881160176141493	-0.20647965896034504
	135.0	628.2	563.871879405654	1.09444444444445	622.0	57.0	11.0	20.0	5.89855813953488	-0.36021693674024036	-0.30999737688165596
	136.0	816.615	603.211777968839	1.36555555555556	622.0	54.0	11.0	20.5	6.41691627906974	0.011657343113431473	-0.1514335697383109
	137.0	314.1	502.968377994809	0.819444444444445	622.0	59.0	10.0	21.0	3.80725116279064	-1.168028237778239	-0.25241637558548413
	138.0	62.82	378.514942827703	0.398333333333332	622.0	67.0	9.0	21.5	1.03671627906977	-0.30295414473595805	0.06522508325976056
	139.0	0.0	309.694044131757	0.253333333333333	622.0	73.0	9.0	22.0	0.0	0.2459410572795947	0.10239470627158642
	140.0	0.0	309.694044131757	0.235	622.0	73.0	9.0	22.5	-0.0714976744186026	0.1744433828609921	0.08113977188126897
	141.0	0.0	286.753744566442	0.217222222222222	622.0	75.0	9.0	23.0	-0.0714976744186026	0.1744433828609921	0.07315564285297971
	142.0	0.0	235.813615039133	0.254444444444445	622.0	78.0	8.0	23.5	-0.0714976744186026	0.1744433828609921	0.13515083926289598
	143.0	0.0	225.094814355536	0.162777777777777	622.0	79.0	8.0	24.0	-0.0714976744186026	0.1744433828609921	0.04839140241430079
	144.0	0.0	192.938412304745	0.217222222222222	623.0	82.0	8.0	0.5	-0.160869767441859	0.08507128983773571	0.11889267029632412
	145.0	0.0	257.251216406327	0.267777777777777	623.0	76.0	8.0	1.0	-0.160869767441859	0.08507128983773571	0.1364120410321438
	146.0	0.0	343.001621875103	0.39	623.0	68.0	8.0	1.5	-0.160869767441859	0.08507128983773571	0.2146527464219162
	147.0	0.0	353.7204225587	0.484444444444445	623.0	67.0	8.0	2.0	-0.160869767441859	0.08507128983773571	0.3035264561764144
	148.0	0.0	353.7204225587	0.44	623.0	67.0	8.0	2.5	-0.160869767441859	0.08507128983773571	0.259022536285333
	149.0	0.0	343.001621875103	0.42388888888889	623.0	68.0	8.0	3.0	-0.160869767441859	0.08507128983773571	0.24835393662604527
	150.0	0.0	343.001621875103	0.386666666666667	623.0	68.0	8.0	3.5	-0.160869767441859	0.08507128983773571	0.2110963590134943
	151.0	0.0	375.158023925894	0.45611111111111	623.0	65.0	8.0	4.0	-0.0714976744186026	0.1744433828609921	0.26405286703218844
	152.0	0.0	364.439223242297	0.457777777777778	623.0	66.0	8.0	4.5	-0.0714976744186026	0.1744433828609921	0.27120239222621734
	153.0	45.0	364.439223242297	0.404444444444445	623.0	66.0	8.0	5.0	0.679227906976744	-0.386271850020514	0.10349640167793672
	154.0	45.0	343.001621875103	0.459444444444445	623.0	68.0	8.0	5.5	1.21546046511628	0.14714403155225897	0.17635970342274832
	155.0	94.23	343.001621875103	0.513333333333335	623.0	68.0	8.0	6.0	1.28695813953487	-0.470089715774233	0.11460627006316687
	156.0	188.46	321.564020507909	0.462777777777777	623.0	70.0	8.0	6.5	1.28695813953487	-1.7932466546047092	-0.09969680830787181
	157.0	1130.715	332.282821191506	0.643333333333335	623.0	69.0	8.0	7.0	3.98599534883718	-3.108054950069121	-0.3115247968692805
	158.0	1099.35	353.7204225587	1.20555555555556	623.0	67.0	8.0	7.5	3.89662325581398	-3.0666033690182934	0.20068766005050986
	159.0	1256.4	447.33584152365	1.38666666666667	623.0	61.0	9.0	8.0	9.54493953488372	1.2863389867278912	0.08227101608253906
	160.0	1507.68	516.156740219596	1.50833333333334	623.0	55.0	9.0	8.5	8.66909302325576	-0.2903365169778329	-0.030491284255254048
	161.0	1696.14	601.108549310869	1.46277777777778	623.0	51.0	10.0	9.0	14.3174093023256	3.4663794356308504	-0.327239287211901
	162.0	1884.555	625.643592139884	1.77777777777778	623.0	49.0	10.0	9.5	11.7256186046512	0.9235490480106385	-0.06516500638954814
	163.0	2230.065	681.891575095209	2.02388888888889	623.0	48.0	11.0	10.0	11.4575023255814	0.2757222993621298	0.031726113123927924
	164.0	2669.805	708.118174137333	1.74444444444445	623.0	46.0	11.0	10.5	10.5816558139535	-0.35681183976975994	-0.30325899842786597
	165.0	3203.82	760.57137222158	1.73777777777778	623.0	42.0	11.0	11.0	10.4207860465117	-0.23055620746511885	-0.4267222768593919
	166.0	314.1	773.684671742641	1.96277777777778	623.0	41.0	11.0	11.5	nan	nan	0.352083143196918
	167.0	2826.9	799.911270784765	1.61555555555556	623.0	39.0	11.0	12.0	4.16473953488372	-6.0696291048188495	-0.6352570624151841
	168.0	3141.0	760.57137222158	1.90222222222222	623.0	42.0	11.0	12.5	11.7971162790697	1.7177944000866905	-0.1988327979338671
	169.0	3894.84	840.59799633745	nan	623.0	40.0	12.0	13.0	nan	nan	nan
	170.0	3172.365	812.578063126201	1.94111111111111	623.0	42.0	12.0	13.5	9.54493953488372	-0.683673697806169	-0.24373342151629407
	171.0	1099.35	826.588029731825	1.90888888888889	623.0	41.0	12.0	14.0	7.81112093023256	-0.9722934018141025	-0.10759500022669699
	172.0	1381.995	840.59799633745	2.18	623.0	40.0	12.0	14.5	7.11401860465116	-2.7246844937787804	0.015996494121939264
	173.0	2512.8	840.59799633745	1.96277777777778	623.0	40.0	12.0	15.0	7.29276279069768	-3.125595913159869	-0.2771932375995019
	174.0	1067.94	826.588029731825	2.24277777777778	623.0	41.0	12.0	15.5	10.5816558139535	1.892759431512232	0.2566750529968922
	175.0	2826.9	868.617929548698	1.58222222222222	623.0	38.0	12.0	16.0	9.2946976744186	-1.2457473621518798	-0.73184003498258
	176.0	471.105	840.59799633745	1.77111111111111	623.0	40.0	12.0	16.5	10.4207860465117	4.107599286174749	-0.12360271155345393
	177.0	973.71	826.588029731825	1.14	623.0	41.0	12.0	17.0	2.43092093023256	-5.339614645655171	-0.8275311650100541
	178.0	533.97	734.344773179456	1.41111111111111	623.0	44.0	11.0	17.5	2.43092093023256	-3.77247977846247	-0.3058321075387178
	179.0	2198.7	747.458072700518	1.50222222222223	623.0	43.0	11.0	18.0	9.9024279069768	-0.29126709626739	-0.5158538554382079
	180.0	157.05	721.231473658395	0.878333333333335	623.0	45.0	11.0	18.5	1.03671627906977	-2.297738212477377	-0.10619205341258342
	181.0	1413.45	603.211777968839	1.345	623.0	54.0	11.0	19.0	7.81112093023256	-1.9171581797203192	-0.2941330786928651
	182.0	533.97	588.841027896362	1.24833333333334	623.0	52.0	10.0	19.5	3.89662325581398	-1.986947862595699	-0.20263146044529012
	183.0	314.1	564.305985067346	1.06611111111111	623.0	54.0	10.0	20.0	2.07343255813948	-2.8961299303713917	-0.13035614587800404
	184.0	125.64	576.573506481854	0.791666666666665	623.0	53.0	10.0	20.5	0.679227906976744	-1.9889542774725522	0.06402692610376615
	185.0	125.64	552.038463652839	0.705	623.0	55.0	10.0	21.0	0.607730232558142	-2.077504255063819	-0.006567897486764895
	186.0	125.64	493.21644065428	0.660555555555555	623.0	57.0	9.0	21.5	0.679227906976744	-1.724634476904165	0.01594843791340983
	187.0	62.82	435.865691740992	0.487777777777777	623.0	62.0	9.0	22.0	0.428986046511628	-0.935629245922013	0.08918006750626867
	188.0	45.0	300.126419140715	0.310555555555555	623.0	72.0	8.0	22.5	0.339613953488372	-0.6593973055761648	0.06939600344647706
	189.0	45.0	310.845219824312	0.264444444444445	623.0	71.0	8.0	23.0	0.0714976744186026	-0.9351482843206894	0.012416270062703072
	190.0	0.0	300.335577480805	0.176111111111111	623.0	70.0	7.0	23.5	-0.160869767441859	0.08507128983773571	0.024303649011585493
	191.0	0.0	290.324391564778	0.219444444444444	623.0	71.0	7.0	24.0	-0.0714976744186026	0.1744433828609921	0.07203128453490029
	192.0	0.0	300.335577480805	0.131111111111111	624.0	70.0	7.0	0.5	-0.0714976744186026	0.1744433828609921	-0.021832287525641675
	193.0	0.0	280.313205648751	0.131666666666666	624.0	72.0	7.0	1.0	-0.0714976744186026	0.1744433828609921	-0.011348060272223903
	194.0	0.0	224.282645616064	0.087777777777778	624.0	76.0	6.0	1.5	-0.0714976744186026	0.1744433828609921	-0.026801304094944203
	195.0	0.0	177.557094446051	0.0	624.0	81.0	6.0	2.0	-0.0714976744186026	0.1744433828609921	-0.09080483607469475
	196.0	0.0	148.213966172545	0.0	624.0	83.0	5.0	2.5	-0.0714976744186026	0.1744433828609921	-0.07586277433211855
	197.0	0.0	130.777028975775	0.0	624.0	85.0	5.0	3.0	-0.0714976744186026	0.1744433828609921	-0.06698135288622113
	198.0	0.0	130.777028975775	0.0	624.0	85.0	5.0	3.5	-0.0714976744186026	0.1744433828609921	-0.06701397973575027
	199.0	0.0	122.05856037739	0.0	624.0	86.0	5.0	4.0	-0.0714976744186026	0.1744433828609921	-0.06256751654426819
	200.0	0.0	122.05856037739	0.0	624.0	86.0	5.0	4.5	-0.0714976744186026	0.1744433828609921	-0.06258350094001769
	201.0	62.82	130.831543276037	0.134444444444445	624.0	86.0	6.0	5.0	0.339613953488372	-0.665069704413167	0.00994107328957701
	202.0	125.64	140.17665351004	0.224444444444444	624.0	85.0	6.0	5.5	1.73381860465115	0.11213663981883082	0.031839879469167914
	203.0	125.64	140.17665351004	0.226111111111111	624.0	85.0	6.0	6.0	2.59179069767436	0.964556530482213	0.03357403665518552
	204.0	345.465	149.521763744043	0.407222222222222	624.0	84.0	6.0	6.5	6.50628837209308	3.3454391881952574	0.044480322929204286
	205.0	942.255	210.234904236563	0.775	624.0	79.0	7.0	7.0	10.4207860465117	5.026229488877932	0.18920388424840529
	206.0	502.56	240.268461984644	0.82111111111111	624.0	76.0	7.0	7.5	8.32947906976744	3.664604992740866	0.17147921795540755
	207.0	1570.5	267.970017089924	0.91388888888889	624.0	75.0	8.0	8.0	13.8884232558141	5.749987560377944	0.09749512204279842
	208.0	439.74	321.164193914415	1.05722222222222	624.0	72.0	9.0	8.5	13.8884232558141	7.834206253523327	0.218950296097285
	209.0	1381.995	404.828206678749	1.48388888888889	624.0	67.0	10.0	9.0	nan	nan	0.2771720389776309
	210.0	973.71	429.363249507764	1.59111111111111	624.0	65.0	10.0	9.5	13.0125767441859	5.661841266055388	0.41175771167015807
	211.0	1570.5	485.192082279284	1.95833333333334	624.0	63.0	11.0	10.0	nan	nan	0.5106713180732929
	212.0	1601.91	524.531980842469	1.93666666666666	624.0	60.0	11.0	10.5	14.3174093023256	3.4026567387949314	0.38431576904699916
	213.0	1884.555	537.64528036353	2.07333333333333	624.0	59.0	11.0	11.0	14.4067813953487	3.5954085368695203	0.48320531145383305
	214.0	628.2	590.098478447777	2.09	624.0	55.0	11.0	11.5	nan	nan	0.5460566318435758
	215.0	3517.92	629.438377010962	2.20111111111111	624.0	52.0	11.0	12.0	9.11595348837206	-1.3092867752658304	0.3421683625849872
	216.0	471.105	655.664976053086	nan	624.0	50.0	11.0	12.5	7.0	0.8844751891715008	nan
	217.0	2198.7	770.548163309329	1.64777777777778	624.0	45.0	12.0	13.0	8.66909302325576	-1.7935404619183704	-0.5674124878369118
	218.0	376.92	630.448497253087	1.69111111111111	624.0	55.0	12.0	13.5	7.29276279069768	1.4450070492579625	0.26145173940824384
	219.0	628.2	602.428564041839	1.41944444444445	624.0	57.0	12.0	14.0	5.20145581395346	-1.3998273456524508	-0.09720709025867902
	220.0	1256.4	537.64528036353	1.46666666666667	624.0	59.0	11.0	14.5	10.4207860465117	0.9726395772998035	0.01485779305035595
	221.0	3769.155	644.458463858711	nan	624.0	54.0	12.0	15.0	11.2787581395349	0.454910203291341	nan
	222.0	439.74	718.085116219596	2.00888888888889	624.0	52.0	13.0	15.5	9.20532558139538	2.6620597567339654	0.2927190469428649
	223.0	1884.555	602.428564041839	1.13333333333333	624.0	57.0	12.0	16.0	nan	nan	-0.5561966311157089
	224.0	2512.8	524.531980842469	1.51888888888889	624.0	60.0	11.0	16.5	10.4207860465117	-0.1445068431687293	0.02996661166045511
	225.0	2826.9	576.985178926715	1.325	624.0	56.0	11.0	17.0	5.20145581395346	-5.36237423337546	-0.3227909462168701
	226.0	565.335	498.305381800345	1.10333333333334	624.0	62.0	11.0	17.5	5.55894418604654	-0.8223584856190209	-0.14340961116490503
	227.0	219.87	537.64528036353	1.28277777777778	624.0	59.0	11.0	18.0	3.89662325581398	-0.43850748260468597	0.330439340310267
	228.0	62.82	485.192082279284	nan	624.0	63.0	11.0	18.5	0.679227906976744	-0.912310802735059	nan
	229.0	345.465	380.293163849733	0.455555555555555	624.0	69.0	10.0	19.0	2.59179069767436	-2.7170453190753023	-0.4244987926803035
	230.0	471.105	275.283594783784	0.455555555555555	624.0	76.0	9.0	19.5	2.7705348837209	-2.756119316060341	-0.25332674855510035
	231.0	282.645	263.813445001127	0.363333333333332	624.0	77.0	9.0	20.0	1.73381860465115	-2.739065844699656	-0.1994171660604273
	232.0	188.46	252.343295218469	0.407777777777778	624.0	78.0	9.0	20.5	1.37633023255808	-2.0324592184985883	-0.022496400011887574
	233.0	314.1	263.813445001127	0.409444444444445	624.0	77.0	9.0	21.0	1.73381860465115	-3.03618095205779	-0.19407306105761374
	234.0	125.64	246.53241572273	0.365	624.0	77.0	8.0	21.5	0.428986046511628	-1.6320436422481759	0.033069225388975665
	235.0	62.82	203.657212988342	0.136111111111111	624.0	81.0	8.0	22.0	0.0714976744186026	-1.1673875160536293	-0.0546897636560659
	236.0	0.0	182.219611621148	0.0	624.0	83.0	8.0	22.5	0.0	0.2459410572795947	-0.09242026432808835
	237.0	0.0	160.782010253955	0.0	624.0	85.0	8.0	23.0	-0.0714976744186026	0.1744433828609921	-0.08185570487173775
	238.0	0.0	140.156602824376	0.0	624.0	86.0	7.0	23.5	-0.0714976744186026	0.1744433828609921	-0.07153109810634303
	239.0	0.0	130.145416908349	0.0	624.0	87.0	7.0	24.0	-0.0714976744186026	0.1744433828609921	-0.06653148184909254
	240.0	0.0	120.134230992322	0.0	625.0	88.0	7.0	0.5	-0.0714976744186026	0.1744433828609921	-0.06148182365768672
	241.0	0.0	110.123045076295	0.0	625.0	89.0	7.0	1.0	-0.0714976744186026	0.1744433828609921	-0.05640144781831453
	242.0	0.0	65.4157716380186	0.0	625.0	93.0	6.0	1.5	-0.0714976744186026	0.1744433828609921	-0.03352196689137714
	243.0	0.0	74.7608818720213	0.0	625.0	92.0	6.0	2.0	-0.0714976744186026	0.1744433828609921	-0.03832862417657264
	244.0	0.0	65.4157716380186	0.0	625.0	93.0	6.0	2.5	-0.0714976744186026	0.1744433828609921	-0.03354764313999153
	245.0	0.0	90.1006732442414	0.0	625.0	91.0	7.0	3.0	-0.0714976744186026	0.1744433828609921	-0.04621750087053955
	246.0	0.0	50.0559295801341	0.0	625.0	95.0	7.0	3.5	-0.0714976744186026	0.1744433828609921	-0.02567943137027384
	247.0	0.0	70.0783014121877	0.0	625.0	93.0	7.0	4.0	-0.0714976744186026	0.1744433828609921	-0.03595668755476242
	248.0	0.0	90.1006732442414	0.0	625.0	91.0	7.0	4.5	-0.0714976744186026	0.1744433828609921	-0.04623359048302195
	249.0	0.0	90.1006732442414	0.0	625.0	91.0	7.0	5.0	-0.0714976744186026	0.1744433828609921	-0.04623472656772065
	250.0	45.0	90.1006732442414	0.0	625.0	91.0	7.0	5.5	0.160869767441859	-0.7892406511931642	-0.07457502968684114
	251.0	62.82	90.1006732442414	0.0	625.0	91.0	7.0	6.0	0.339613953488372	-0.835037657441255	-0.08579104816687882
	252.0	125.64	80.0894873282146	0.0	625.0	92.0	7.0	6.5	0.518358139534884	-1.387038424684446	-0.1101069095571556
	253.0	219.87	75.0316047851788	0.182777777777778	625.0	93.0	8.0	7.0	1.73381860465115	-1.798248695657119	0.0379701404246052
	254.0	376.92	96.4692061523727	0.228888888888889	625.0	91.0	8.0	7.5	2.94927906976744	-2.1649395344742906	-0.0138445802417419
	255.0	125.64	75.0316047851788	0.0	625.0	93.0	8.0	8.0	2.59179069767436	0.3886088199557771	-0.1030514513171244
	256.0	1036.485	53.5940034179848	0.138333333333333	625.0	95.0	8.0	8.5	6.2381720930232	-0.45067423924765837	-0.01361763696965651
	257.0	125.64	53.5940034179848	0.137777777777778	625.0	95.0	8.0	9.0	3.98599534883718	1.795418098609158	0.06416963760565908
	258.0	157.05	42.8752027343879	0.0	625.0	96.0	8.0	9.5	2.59179069767436	-0.02751381722978108	-0.06778583782250416
	259.0	219.87	32.1564020507909	0.0	625.0	97.0	8.0	10.0	3.4676372093023	-0.00880024332007423	-0.06203504851652906
	260.0	408.285	42.8752027343879	0.0	625.0	96.0	8.0	10.5	3.4676372093023	-1.6198478140465955	-0.1107685708395131
	261.0	1727.505	42.8752027343879	0.138333333333333	625.0	96.0	8.0	11.0	10.0632976744186	2.2835517332050834	0.005781076850882805
	262.0	345.465	53.5940034179848	0.0916666666666665	625.0	95.0	8.0	11.5	6.50628837209308	1.9258810679652303	-0.0384312781627308
	263.0	2826.9	80.2910484786037	0.420555555555555	625.0	93.0	9.0	12.0	13.0125767441859	3.6767645314080113	0.1681778292831797
	264.0	1413.45	172.052246739865	0.564444444444445	625.0	85.0	9.0	12.5	7.81112093023256	-0.5677751263333022	0.04306295349234324
	265.0	1884.555	343.490599606211	1.02166666666667	625.0	72.0	10.0	13.0	7.29276279069768	-2.808503179731619	-0.040944336851377994
	266.0	2198.7	429.363249507764	1.68777777777778	625.0	65.0	10.0	13.5	16.9270744186051	6.787634283385959	0.359045578914547
	267.0	314.1	490.700856580301	1.66888888888889	625.0	60.0	10.0	14.0	7.81112093023256	2.6377986146911248	0.5410097851003399
	268.0	3329.46	380.293163849733	1.12055555555556	625.0	69.0	10.0	14.5	nan	nan	-0.04698431994996799
	269.0	62.82	511.418681321407	nan	625.0	61.0	11.0	15.0	nan	nan	nan
	270.0	188.46	590.098478447777	nan	625.0	55.0	11.0	15.5	nan	nan	nan
	271.0	471.105	630.448497253087	1.69388888888889	625.0	55.0	12.0	16.0	6.50628837209308	-0.1313612505302162	0.0441834222467381
	272.0	628.2	630.448497253087	2.16944444444445	625.0	55.0	12.0	16.5	10.0632976744186	3.2105971574122716	0.49144967085402613
	273.0	471.105	629.438377010962	1.86833333333334	625.0	52.0	11.0	17.0	7.81112093023256	1.4720049664460726	0.263849135626252
	274.0	1099.35	515.235899409316	1.47777777777778	625.0	58.0	10.0	17.5	3.89662325581398	-3.7574401093452336	0.08736431566820002
	275.0	1884.555	417.095728093256	1.28333333333334	625.0	66.0	10.0	18.0	8.66909302325576	-1.4302541956619805	0.06970156380988901
	276.0	565.335	527.503420823824	1.22722222222222	625.0	57.0	10.0	18.5	3.80725116279064	-2.277189659975422	-0.14043566764110005
	277.0	188.46	466.165813751286	1.45611111111111	625.0	62.0	10.0	19.0	2.59179069767436	-1.10616111540681	0.6877200159733002
	278.0	1381.995	447.33584152365	1.59722222222222	625.0	61.0	9.0	19.5	9.11595348837206	0.8836945468757147	0.3121257751717861
	279.0	596.745	502.968377994809	1.59111111111111	625.0	59.0	10.0	20.0	5.20145581395346	-0.8420094758331693	0.272479191584478
	280.0	157.05	490.700856580301	0.98777777777778	625.0	60.0	10.0	20.5	0.339613953488372	-2.8879346123136687	0.2536143592195832
	281.0	62.82	368.025642435226	0.814444444444445	625.0	70.0	10.0	21.0	0.518358139534884	-0.9678684097051931	0.47963249342773817
	282.0	45.0	298.2238943491	0.676666666666665	625.0	74.0	9.0	21.5	0.160869767441859	-0.9364273240489139	0.43756759701756254
	283.0	0.0	267.970017089924	0.26611111111111	625.0	75.0	8.0	22.0	-0.0714976744186026	0.1744433828609921	0.13158997425810173
	284.0	0.0	220.24609015259	0.0883333333333335	625.0	78.0	7.0	22.5	-0.0714976744186026	0.1744433828609921	-0.0230414334157152
	285.0	0.0	200.223718320537	0.0	625.0	80.0	7.0	23.0	-0.0714976744186026	0.1744433828609921	-0.1017300862284809
	286.0	0.0	150.167788740402	0.0	625.0	85.0	7.0	23.5	-0.0714976744186026	0.1744433828609921	-0.07653084516194922
	287.0	0.0	140.156602824376	0.0	625.0	86.0	7.0	24.0	-0.0714976744186026	0.1744433828609921	-0.07158091414630899
	288.0	0.0	130.831543276037	0.0	626.0	86.0	6.0	0.5	-0.0714976744186026	0.1744433828609921	-0.06691255691555859
	289.0	0.0	130.831543276037	0.0	626.0	86.0	6.0	1.0	-0.0714976744186026	0.1744433828609921	-0.06697646053798736
	290.0	0.0	112.141322808032	0.0	626.0	88.0	6.0	1.5	-0.0714976744186026	0.1744433828609921	-0.0574452490545038
	291.0	0.0	140.17665351004	0.0	626.0	85.0	6.0	2.0	-0.0714976744186026	0.1744433828609921	-0.07184111019519271
	292.0	0.0	140.17665351004	0.0	626.0	85.0	6.0	2.5	-0.0714976744186026	0.1744433828609921	-0.07186085239179471
	293.0	0.0	121.486433042035	0.0	626.0	87.0	6.0	3.0	-0.0714976744186026	0.1744433828609921	-0.06229156718106939
	294.0	0.0	122.05856037739	0.0	626.0	86.0	5.0	3.5	0.0	0.2459410572795947	-0.06259594702738722
	295.0	0.0	113.340091779005	0.0	626.0	87.0	5.0	4.0	0.0	0.2459410572795947	-0.05813210790469236
	296.0	0.0	95.9031545822353	0.087777777777778	626.0	89.0	5.0	4.5	0.0	0.2459410572795947	0.03858381856342018
	297.0	62.82	113.340091779005	0.221111111111111	626.0	87.0	5.0	5.0	2.59179069767436	1.7949579492910788	0.1132145500729607
	298.0	125.64	130.777028975775	0.221111111111111	626.0	85.0	5.0	5.5	2.94927906976744	1.639658505063813	0.041361275543449205
	299.0	157.05	140.17665351004	0.26611111111111	626.0	85.0	6.0	6.0	2.7705348837209	0.8603414460974161	0.044456563894141515
	300.0	125.64	140.17665351004	0.40388888888889	626.0	85.0	6.0	6.5	2.59179069767436	0.960116515458949	0.21137927386737962
	301.0	94.23	160.178974656429	0.179444444444445	626.0	84.0	7.0	7.0	3.03865116279064	1.4889668864207328	-0.007080990475879401
	302.0	942.255	170.190160572456	0.63611111111111	626.0	83.0	7.0	7.5	13.0125767441859	7.613537113711915	0.16153152632140516
	303.0	1507.68	246.53241572273	0.82111111111111	626.0	77.0	8.0	8.0	6.93527441860462	-1.1218570376902823	0.06987628088967135
	304.0	1633.275	286.753744566442	0.82722222222222	626.0	75.0	9.0	8.5	10.4207860465117	1.134595551762997	-0.049713897422065
	305.0	1800.0	392.560685264241	1.14333333333333	626.0	68.0	10.0	9.0	11.2787581395349	0.2979503251295501	-0.05975023144065705
	306.0	1350.0	453.898292336779	1.42111111111111	626.0	63.0	10.0	9.5	6.59566046511628	-2.9850109170447716	0.07942238620679909
	307.0	1710.0	490.700856580301	1.55722222222222	626.0	60.0	10.0	10.0	9.02658139534884	-1.6856757181701294	0.08140287365911503
	308.0	942.255	502.968377994809	1.32222222222222	626.0	59.0	10.0	10.5	5.20145581395346	-1.7458405454009016	-0.03027892961076395
	309.0	2198.7	563.871879405654	1.38444444444445	626.0	57.0	11.0	11.0	5.20145581395346	-5.6515953984105405	-0.30026432010358706
	310.0	2826.9	616.325077489901	1.56888888888889	626.0	53.0	11.0	11.5	14.2459116279064	3.6300095479163	-0.262982947125908
	311.0	879.48	672.47839706996	2.13111111111111	626.0	52.0	12.0	12.0	5.71981395348834	-1.30938364894919	0.39119011129844883
	312.0	533.97	672.47839706996	1.36944444444445	626.0	52.0	12.0	12.5	9.02658139534884	2.541634527739503	-0.333425935350822
	313.0	1260.0	762.965435983321	2.02	626.0	49.0	13.0	13.0	8.1507348837209	-1.7162388315800392	-0.05568192304281583
	314.0	471.105	837.765968922863	2.49388888888889	626.0	44.0	13.0	13.5	7.81112093023256	1.24461837666398	0.46147576641270094
	315.0	659.61	878.152423059484	2.19611111111111	626.0	45.0	14.0	14.0	3.80725116279064	-3.41034651251278	0.026117792012837704
	316.0	314.1	862.186015367493	1.675	626.0	46.0	14.0	14.5	7.81112093023256	2.0797013120414576	-0.09788641844669299
	317.0	910.845	846.219607675503	1.07333333333334	626.0	47.0	14.0	15.0	3.98599534883718	-4.235653180190333	-1.0032431820876413
	318.0	251.28	822.805862334954	1.79611111111111	626.0	45.0	13.0	15.5	5.20145581395346	0.2550508412987993	0.30038376706151904
	319.0	282.645	926.051646135456	2.7938888888889	626.0	42.0	14.0	16.0	5.55894418604654	0.07841297215125387	0.9766582939996922
	320.0	408.285	926.051646135456	2.41	626.0	42.0	14.0	16.5	5.89855813953488	-0.67498718176686	0.28843471399241416
	321.0	848.07	926.051646135456	2.07777777777778	626.0	42.0	14.0	17.0	12.1546046511628	4.4689297098314285	-0.17102008232086163
	322.0	251.28	910.085238443465	2.09333333333333	626.0	43.0	14.0	17.5	11.636246511628	6.594688753011534	0.45830911974922905
	323.0	125.64	894.118830751475	nan	626.0	44.0	14.0	18.0	nan	nan	nan
	324.0	62.82	822.805862334954	nan	626.0	45.0	13.0	18.5	nan	nan	nan
	325.0	900.0	822.805862334954	1.54666666666667	626.0	45.0	13.0	19.0	7.9898651162791	0.387178325704844	-0.575583156123157
	326.0	690.975	777.92554257123	1.27166666666667	626.0	48.0	13.0	19.5	3.4676372093023	-3.407282858395819	-0.6891242810512479
	327.0	157.05	718.085116219596	0.821666666666665	626.0	52.0	13.0	20.0	2.59179069767436	-1.013598373640602	-0.199928861421812
	328.0	282.645	602.428564041839	0.641666666666665	626.0	57.0	12.0	20.5	2.7705348837209	-2.3229007031718347	-0.582015179793278
	329.0	125.64	574.408630830591	0.78111111111111	626.0	59.0	12.0	21.0	3.80725116279064	0.812555128556355	0.04991710851572628
	330.0	45.0	560.398664224967	0.82777777777778	626.0	60.0	12.0	21.5	0.679227906976744	-0.614321409558034	0.3906274248033941
	331.0	0.0	432.738884195037	0.365555555555555	626.0	67.0	11.0	22.0	0.0	0.2459410572795947	0.15261739177562092
	332.0	0.0	343.490599606211	0.320555555555555	626.0	72.0	10.0	22.5	0.0	0.2459410572795947	0.14911105198503888
	333.0	0.0	294.420513948181	0.182777777777778	626.0	76.0	10.0	23.0	0.0	0.2459410572795947	0.034477815973654014
	334.0	0.0	240.873145435811	0.0	626.0	79.0	9.0	23.5	0.0	0.2459410572795947	-0.1220418146288269
	335.0	0.0	229.402995653154	0.0	626.0	80.0	9.0	24.0	0.0	0.2459410572795947	-0.1166861637260403
	336.0	0.0	214.376013671939	0.0	627.0	80.0	8.0	0.5	-0.0714976744186026	0.1744433828609921	-0.1093196589136307
	337.0	0.0	203.657212988342	0.0	627.0	81.0	8.0	1.0	-0.0714976744186026	0.1744433828609921	-0.1040305217162544
	338.0	0.0	170.190160572456	0.0	627.0	83.0	7.0	1.5	-0.0714976744186026	0.1744433828609921	-0.08703606686578677
	339.0	0.0	170.190160572456	0.0883333333333335	627.0	83.0	7.0	2.0	-0.0714976744186026	0.1744433828609921	0.0012212349227205543
	340.0	0.0	170.190160572456	0.0883333333333335	627.0	83.0	7.0	2.5	-0.0714976744186026	0.1744433828609921	0.0011694719257906716
	341.0	0.0	160.178974656429	0.088888888888889	627.0	84.0	7.0	3.0	-0.0714976744186026	0.1744433828609921	0.006818559160990875
	342.0	0.0	170.190160572456	0.088888888888889	627.0	83.0	7.0	3.5	-0.0714976744186026	0.1744433828609921	0.001662026635496014
	343.0	0.0	170.190160572456	0.0894444444444445	627.0	83.0	7.0	4.0	-0.0714976744186026	0.1744433828609921	0.0022001490047616618
	344.0	45.0	160.178974656429	0.0894444444444445	627.0	84.0	7.0	4.5	0.0714976744186026	-0.8719912342507322	-0.043016503157610894
	345.0	31.41	171.500810937552	0.13	627.0	84.0	8.0	5.0	0.339613953488372	-0.5235210134553958	0.004461890891628406
	346.0	94.23	192.938412304745	0.271666666666667	627.0	82.0	8.0	5.5	2.7705348837209	1.016505192831948	0.0468816196960688
	347.0	251.28	206.462696087838	0.318333333333332	627.0	82.0	9.0	6.0	2.7705348837209	-1.7795897161568397	-0.11070882404813936
	348.0	31.41	240.873145435811	0.365555555555555	627.0	79.0	9.0	6.5	5.20145581395346	4.248895993951152	0.18956463268186183
	349.0	314.1	269.885471119166	0.505555555555555	627.0	78.0	10.0	7.0	1.21546046511628	-4.474943362289337	-0.12469974955878704
	350.0	471.105	306.688035362688	0.836666666666665	627.0	75.0	10.0	7.5	9.11595348837206	2.448679811456774	0.01614420630328739
	351.0	722.385	294.420513948181	0.935	627.0	76.0	10.0	8.0	5.20145581395346	-1.709336378988918	0.12606793633806124
	352.0	533.97	306.688035362688	0.934444444444445	627.0	75.0	10.0	8.5	10.4207860465117	3.6675579794528614	0.10342611503898524
	353.0	942.255	318.955556777196	1.02611111111111	627.0	74.0	10.0	9.0	9.11595348837206	1.8269585852832932	0.14901725729915116
	354.0	471.105	318.955556777196	0.88388888888889	627.0	74.0	10.0	9.5	10.4207860465117	3.931149768965291	0.04205907203392234
	355.0	1287.765	318.955556777196	1.17388888888889	627.0	74.0	10.0	10.0	7.81112093023256	-1.3709319332014331	0.24247992869810564
	356.0	816.615	331.223078191703	1.22611111111111	627.0	73.0	10.0	10.5	6.59566046511628	-0.021928823028309452	0.3292315990634308
	357.0	2764.035	354.059087068666	1.52888888888889	627.0	73.0	11.0	11.0	11.7256186046512	0.7658251447862092	0.4429127117869891
	358.0	690.975	406.512285152913	1.51777777777778	627.0	69.0	11.0	11.5	nan	nan	0.423543793144201
	359.0	2324.34	406.512285152913	1.56055555555556	627.0	69.0	11.0	12.0	13.0125767441859	2.49102181370397	0.329912788856646
	360.0	533.97	406.512285152913	1.50555555555556	627.0	69.0	11.0	12.5	10.4207860465117	4.0971775322079695	0.4320154556342599
	361.0	125.64	327.832488026543	nan	627.0	75.0	11.0	13.0	1.55507441860462	-1.3508603344618673	nan
	362.0	471.105	269.885471119166	0.55777777777778	627.0	78.0	10.0	13.5	6.59566046511628	0.6489570531786715	-0.1469113241009251
	363.0	659.61	294.420513948181	0.60277777777778	627.0	76.0	10.0	14.0	6.0773023255814	-0.11846402584180904	-0.19181340979779582
	364.0	314.1	306.688035362688	0.50888888888889	627.0	75.0	10.0	14.5	4.86184186046512	-0.3282551587521265	-0.19046589106445933
	365.0	910.845	269.885471119166	0.462222222222222	627.0	78.0	10.0	15.0	5.20145581395346	-1.4364590494307334	-0.2709690964201591
	366.0	251.28	233.082906875643	0.462222222222222	627.0	81.0	10.0	15.5	5.20145581395346	0.5691319309728327	-0.011409526678216597
	367.0	282.645	233.082906875643	0.48111111111111	627.0	81.0	10.0	16.0	6.2381720930232	1.2604021746760932	-0.02451384383807248
	368.0	408.285	233.082906875643	0.369444444444445	627.0	81.0	10.0	16.5	5.71981395348834	-0.17357557151227887	-0.22264370411189338
	369.0	848.07	220.815385461136	0.744444444444445	627.0	82.0	10.0	17.0	6.50628837209308	-0.011848938735274928	0.14241972938538527
	370.0	251.28	220.815385461136	0.699444444444445	627.0	82.0	10.0	17.5	3.80725116279064	-0.8264892033016857	0.2473894768150145
	371.0	125.64	208.547864046628	0.63611111111111	627.0	83.0	10.0	18.0	2.43092093023256	-0.31922091142510034	0.35346250444695565
	372.0	62.82	220.815385461136	nan	627.0	82.0	10.0	18.5	nan	nan	nan
	373.0	157.05	220.815385461136	0.58111111111111	627.0	82.0	10.0	19.0	1.28695813953487	-2.006806978035538	0.2346981113876862
	374.0	282.645	220.815385461136	0.75222222222222	627.0	82.0	10.0	19.5	3.80725116279064	-1.053052296561145	0.2674935691105401
	375.0	157.05	220.815385461136	0.60222222222222	627.0	82.0	10.0	20.0	2.94927906976744	-0.33078250007827803	0.2557788845680332
	376.0	94.23	220.815385461136	0.516666666666665	627.0	82.0	10.0	20.5	1.03671627906977	-1.076567519547545	0.26117779775830147
	377.0	62.82	196.280342632121	0.32888888888889	627.0	84.0	10.0	21.0	1.28695813953487	-0.222269603531555	0.1432321692213557
	378.0	31.41	171.745299803105	0.233333333333333	627.0	86.0	10.0	21.5	0.160869767441859	-0.8008141044480902	0.1081704955914583
	379.0	0.0	171.745299803105	0.168333333333333	627.0	86.0	10.0	22.0	-0.0714976744186026	0.1744433828609921	0.08056005206995674
	380.0	0.0	159.477778388598	0.169444444444445	627.0	87.0	10.0	22.5	-0.0714976744186026	0.1744433828609921	0.08785204537911233
	381.0	0.0	147.21025697409	0.093888888888889	627.0	88.0	10.0	23.0	-0.0714976744186026	0.1744433828609921	0.018515310180445096
	382.0	0.0	114.701497826577	0.0	627.0	90.0	9.0	23.5	-0.0714976744186026	0.1744433828609921	-0.05876102119568557
	383.0	0.0	91.7611982612614	0.0	627.0	92.0	9.0	24.0	-0.0714976744186026	0.1744433828609921	-0.04703009444082805
	384.0	0.0	91.7611982612614	0.0	628.0	92.0	9.0	0.5	-0.0714976744186026	0.1744433828609921	-0.04704705913049653
	385.0	0.0	57.3507489132883	0.0	628.0	95.0	9.0	1.0	-0.0714976744186026	0.1744433828609921	-0.02941181101325734
	386.0	0.0	91.7611982612614	0.0	628.0	92.0	9.0	1.5	-0.0714976744186026	0.1744433828609921	-0.0470701904848508
	387.0	0.0	57.3507489132883	0.0	628.0	95.0	9.0	2.0	-0.0714976744186026	0.1744433828609921	-0.02942211062284419
	388.0	0.0	80.2910484786037	0.0	628.0	93.0	9.0	2.5	-0.0714976744186026	0.1744433828609921	-0.04119660964366657
	389.0	0.0	85.8726499015527	0.0	628.0	93.0	10.0	3.0	-0.0714976744186026	0.1744433828609921	-0.0440631990201393
	390.0	0.0	85.8726499015527	0.0	628.0	93.0	10.0	3.5	-0.0714976744186026	0.1744433828609921	-0.04406480170460356
	391.0	0.0	61.3376070725376	0.0	628.0	95.0	10.0	4.0	-0.0714976744186026	0.1744433828609921	-0.031475703859993
	392.0	0.0	61.3376070725376	0.0	628.0	95.0	10.0	4.5	-0.0714976744186026	0.1744433828609921	-0.03147753176840293
	393.0	0.0	85.8726499015527	0.0	628.0	93.0	10.0	5.0	-0.0714976744186026	0.1744433828609921	-0.04407041964394495
	394.0	0.0	73.6051284870451	0.0	628.0	94.0	10.0	5.5	-0.0714976744186026	0.1744433828609921	-0.03777442816644105
	395.0	45.0	73.6051284870451	0.0	628.0	94.0	10.0	6.0	0.0714976744186026	-1.1936476884658833	-0.06092862182148437
	396.0	45.0	61.3376070725376	0.0	628.0	95.0	10.0	6.5	0.160869767441859	-1.106536527138657	-0.05077089217633123
	397.0	45.0	65.5664976053085	0.0	628.0	95.0	11.0	7.0	1.03671627906977	-0.2999577754784901	-0.05427053692288048
	398.0	45.0	65.5664976053085	0.0	628.0	95.0	11.0	7.5	0.0714976744186026	-1.2656757741966633	-0.05426941014722772
	399.0	45.0	39.3398985631852	0.0	628.0	97.0	11.0	8.0	0.428986046511628	-0.9074729950101961	-0.03256113754457414
	400.0	94.23	39.3398985631852	0.0	628.0	97.0	11.0	8.5	1.03671627906977	-1.349830529518116	-0.04588109714298784
	401.0	31.41	39.3398985631852	nan	628.0	97.0	11.0	9.0	1.37633023255808	0.31294297754447586	nan
	402.0	125.64	39.3398985631852	0.241666666666666	628.0	97.0	11.0	9.5	2.43092093023256	-0.6350473330302582	0.18756729951337917
	403.0	125.64	39.3398985631852	0.241666666666666	628.0	97.0	11.0	10.0	2.43092093023256	-0.6167492011668223	0.18756931039445407
	404.0	125.64	39.3398985631852	0.145555555555555	628.0	97.0	11.0	10.5	2.43092093023256	-0.594610800415889	0.09145972096440128
	405.0	345.465	39.3398985631852	0.0	628.0	97.0	11.0	11.0	4.16473953488372	-1.6736474207695702	-0.09557198023658954
	406.0	157.05	39.3398985631852	0.243333333333333	628.0	97.0	11.0	11.5	2.43092093023256	-1.1184256981746463	0.18108725576219778
	407.0	722.385	56.0398664224967	0.39388888888889	628.0	96.0	12.0	12.0	7.81112093023256	0.9941043873517952	0.23853883259257191
	408.0	1224.99	70.0498330281207	0.698333333333335	628.0	95.0	12.0	12.5	13.0125767441859	3.197690916791071	0.49203120410873424
	409.0	439.74	149.601065879083	0.901666666666665	628.0	90.0	13.0	13.0	5.20145581395346	-1.38379734076889	0.5072648396740205
	410.0	2826.9	209.441492230716	1.10611111111111	628.0	86.0	13.0	13.5	9.11595348837206	-1.973726556629389	0.4486291717099744
	411.0	2669.805	399.160192299765	1.46277777777778	628.0	75.0	14.0	14.0	11.7256186046512	0.3734372841682685	0.213155072808638
	412.0	1036.485	545.013291706472	1.71666666666667	628.0	68.0	15.0	14.5	7.81112093023256	-1.8862828405435437	0.1895283050528409
	413.0	933.3	613.139953169782	1.74222222222222	628.0	64.0	15.0	15.0	7.81112093023256	-1.078295012762334	0.07367670031697093
	414.0	690.975	579.076622438127	1.54888888888889	628.0	66.0	15.0	15.5	10.4207860465117	2.733569681018966	0.004353845486664065
	415.0	2198.7	708.192624005436	1.74888888888889	628.0	61.0	16.0	16.0	9.9024279069768	-1.8693090682142586	-0.35765482005793503
	416.0	2826.9	793.382228483628	2.48722222222222	628.0	59.0	17.0	16.5	14.3174093023256	2.440512003531591	0.16201415642925587
	417.0	471.105	851.434586665357	2.29666666666666	628.0	56.0	17.0	17.0	5.55894418604654	-2.3462896735667176	0.21925418679016806
	418.0	1570.5	870.785372725933	2.7588888888889	628.0	55.0	17.0	17.5	13.0125767441859	1.6781445937340997	0.3699065879435781
	419.0	2387.115	967.539303028815	2.87666666666667	628.0	50.0	17.0	18.0	5.89855813953488	-5.495494702731061	0.22684275761399908
	420.0	1413.45	817.145335390888	2.46888888888889	628.0	55.0	16.0	18.5	7.81112093023256	-2.6904650556719893	0.3700637239283888
	421.0	471.105	871.621691083614	2.295	628.0	52.0	16.0	19.0	3.98599534883718	-3.5167932952384082	0.31169054424087195
	422.0	1099.35	871.621691083614	2.5761111111111	628.0	52.0	16.0	19.5	7.81112093023256	-1.6487042592847985	0.4468655687059879
	423.0	62.82	493.918295608991	1.66611111111111	628.0	71.0	15.0	20.0	3.89662325581398	2.016402879682363	1.267294506028154
	424.0	785.25	638.656307679625	1.38777777777778	628.0	60.0	14.0	20.5	6.93527441860462	-0.40088810616837467	-0.21271152822503692
	425.0	188.46	638.656307679625	0.945555555555555	628.0	60.0	14.0	21.0	6.2381720930232	2.051846569497666	-0.07024847120707389
	426.0	45.0	590.757084603653	0.56722222222222	628.0	63.0	14.0	21.5	1.37633023255808	-0.02376862331536511	0.11618461719107598
	427.0	45.0	508.643623988881	0.331666666666667	628.0	66.0	13.0	22.0	0.518358139534884	-0.837369045811841	-0.06673097905621772
	428.0	0.0	448.318931379973	0.142777777777778	628.0	68.0	12.0	22.5	-0.0714976744186026	0.1744433828609921	-0.07853436161779251
	429.0	0.0	392.279064957477	0.096111111111111	628.0	72.0	12.0	23.0	-0.250241860465116	-0.004300803185521285	-0.1000364232305923
	430.0	0.0	336.23919853498	0.0	628.0	76.0	12.0	23.5	-0.518358139534884	-0.27241708225528927	-0.1694997455564235
	431.0	0.0	294.209298718107	0.0	628.0	79.0	12.0	24.0	-0.679227906976744	-0.43328684969714926	-0.1491080705591105
	432.0	0.0	222.926091858049	0.0	629.0	83.0	11.0	0.5	-0.518358139534884	-0.27241708225528927	-0.1133860581698671
	433.0	0.0	209.812792336987	0.0	629.0	84.0	11.0	1.0	-1.03671627906977	-0.7907752217901752	-0.1069918621464917
	434.0	0.0	171.745299803105	0.0	629.0	86.0	10.0	1.5	nan	nan	-0.08773042388443382
	435.0	0.0	122.675214145075	0.0	629.0	90.0	10.0	2.0	-1.28695813953487	-1.0410170822552751	-0.06274302099792337
	436.0	0.0	68.820898695946	0.0	629.0	94.0	9.0	2.5	-0.857972093023256	-0.6120310357436614	-0.03523289165796799
	437.0	0.0	91.7611982612614	0.0	629.0	92.0	9.0	3.0	-0.679227906976744	-0.43328684969714926	-0.04701357284284156
	438.0	0.0	68.820898695946	0.0	629.0	94.0	9.0	3.5	-0.679227906976744	-0.43328684969714926	-0.03527676386897882
	439.0	0.0	73.6051284870451	0.0	629.0	94.0	10.0	4.0	-0.339613953488372	-0.09367289620877728	-0.03774304843307174
	440.0	0.0	85.8726499015527	0.0	629.0	93.0	10.0	4.5	-0.0714976744186026	0.1744433828609921	-0.04404445865434814
	441.0	62.82	98.1401713160602	0.0	629.0	92.0	10.0	5.0	0.0714976744186026	-1.5096601995023204	-0.09342173618313099
	442.0	157.05	85.8726499015527	0.0	629.0	93.0	10.0	5.5	2.59179069767436	-0.871406937760649	-0.1358367605733993
	443.0	408.285	131.132995210617	0.0	629.0	90.0	11.0	6.0	6.0773023255814	-0.5609951163909122	-0.3387776030858857
	444.0	722.385	144.246294731679	0.095	629.0	89.0	11.0	6.5	4.86184186046512	-2.3705226748863026	-0.3042838802512251
	445.0	942.255	224.159465689987	0.238333333333333	629.0	84.0	12.0	7.0	5.02271162790692	-3.0328223005887267	-0.38601556540315224
	446.0	1256.4	266.189365506859	0.43111111111111	629.0	81.0	12.0	7.5	6.50628837209308	-4.38013998663524	-0.3537954571013877
	447.0	1570.5	344.08245152189	0.82722222222222	629.0	77.0	13.0	8.0	9.11595348837206	-3.184671317282879	-0.219287817822586
	448.0	1884.555	433.84309104934	1.18	629.0	71.0	13.0	8.5	13.5488093023256	1.1092196952102693	-0.1468283951573761
	449.0	1570.5	494.958638451709	1.33666666666667	629.0	69.0	14.0	9.0	7.81112093023256	-4.50839403676426	-0.14632524299183491
	450.0	533.97	526.89145383569	1.68222222222222	629.0	67.0	14.0	9.5	5.20145581395346	-2.3685376982282706	0.28593912993606607
	451.0	3078.135	579.076622438127	1.90888888888889	629.0	66.0	15.0	10.0	12.1546046511628	-0.15572023888468145	0.16308209062870604
	452.0	1099.35	596.108287803954	2.26722222222222	629.0	65.0	15.0	10.5	10.4207860465117	0.0794685082886808	0.6488420456558381
	453.0	2198.7	690.033838774528	2.31944444444444	629.0	62.0	16.0	11.0	10.4207860465117	-1.3681126196029183	0.3005134640873681
	454.0	1256.4	690.033838774528	2.17111111111111	629.0	62.0	16.0	11.5	7.81112093023256	-2.79383499700921	0.28914601022459485
	455.0	2512.8	726.351409236345	2.54166666666667	629.0	60.0	16.0	12.0	13.0125767441859	1.7485751738996793	0.4631580337845591
	456.0	690.975	726.351409236345	2.49777777777778	629.0	60.0	16.0	12.5	8.66909302325576	0.6702975916569933	0.693014961676238
	457.0	2198.7	793.382228483628	3.06777777777777	629.0	59.0	17.0	13.0	7.81112093023256	-3.4360259292045505	0.853033018563127
	458.0	973.71	812.733014544205	3.135	629.0	58.0	17.0	13.5	7.81112093023256	-1.3610525197434065	1.1300569584145999
	459.0	1383.3	927.486125346401	2.60555555555555	629.0	55.0	18.0	14.0	7.81112093023256	-3.0223940119203796	0.15398953357695389
	460.0	3486.51	968.707730917352	2.30333333333333	629.0	53.0	18.0	14.5	10.4207860465117	-1.08369107225543	-0.3025953587317627
	461.0	1884.555	1075.16238670375	2.89555555555555	629.0	51.0	19.0	15.0	5.20145581395346	-6.55363471055581	0.11684293763692777
	462.0	2826.9	1140.98865527745	3.1711111111111	629.0	48.0	19.0	15.5	6.93527441860462	-4.81954067188041	0.2717177631403711
	463.0	1727.505	1206.81492385115	3.54777777777778	629.0	45.0	19.0	16.0	7.81112093023256	-3.951066026209629	0.627717481991735
	464.0	942.255	1162.93074480202	2.74777777777778	629.0	47.0	19.0	16.5	7.81112093023256	-1.1608286702530286	0.27666090214539496
	465.0	2355.75	1162.93074480202	2.58055555555555	629.0	47.0	19.0	17.0	9.9024279069768	-1.9137474083665698	-0.21148780562940805
	466.0	942.255	1162.93074480202	2.27833333333333	629.0	47.0	19.0	17.5	6.50628837209308	-2.3718477836860847	-0.17392687018719366
	467.0	2041.65	1119.04656575288	2.27833333333333	629.0	49.0	19.0	18.0	15.6222418604654	3.9137010247353494	-0.38012444523017486
	468.0	1570.5	1184.87283432658	2.78	629.0	46.0	19.0	18.5	11.7256186046512	0.40646833844151864	0.020004733579147782
	469.0	1256.4	1162.93074480202	2.14333333333333	629.0	47.0	19.0	19.0	7.81112093023256	-2.116213768810871	-0.44524600900872
	470.0	942.255	1112.98335041568	1.73388888888889	629.0	46.0	18.0	19.5	6.50628837209308	-2.0542928923010964	-0.6081625381871469
	471.0	690.975	1133.59415320116	1.42611111111111	629.0	45.0	18.0	20.0	12.1546046511628	4.037170049994927	-0.9858382721533239
	472.0	471.105	1064.2932333317	1.23111111111111	629.0	45.0	17.0	20.5	10.4207860465117	2.7668882507893136	-0.984962732471014
	473.0	251.28	1006.24087514997	1.18722222222222	629.0	48.0	17.0	21.0	11.2787581395349	6.143424944968414	-0.4637904576330061
	474.0	94.23	967.539303028815	0.94888888888889	629.0	50.0	17.0	21.5	6.50628837209308	3.8596822247066735	0.02028568615901971
	475.0	45.0	853.462905852705	0.75611111111111	629.0	53.0	16.0	22.0	2.59179069767436	1.1113955845202521	0.13983345243341871
	476.0	45.0	664.234949267263	0.282777777777777	629.0	61.0	15.0	22.5	0.428986046511628	-1.023473632653232	-0.21867366428865354
	477.0	0.0	415.126599991756	0.235555555555555	629.0	74.0	14.0	23.0	-1.03671627906977	-0.7907752217901752	0.03553864863067899
	478.0	0.0	308.219265323732	0.235555555555555	629.0	78.0	12.0	23.5	nan	nan	0.08356181100339638
	479.0	0.0	308.219265323732	0.141111111111111	629.0	78.0	12.0	24.0	nan	nan	-0.013063082341297216
	480.0	0.0	350.249165140604	0.0	630.0	75.0	12.0	0.5	nan	nan	-0.1766905465665392
	481.0	0.0	322.229231929356	0.0	630.0	77.0	12.0	1.0	nan	nan	-0.1633719084496061
	482.0	0.0	288.492589463358	0.0	630.0	78.0	11.0	1.5	nan	nan	-0.146753394377171
	483.0	0.0	275.379289942296	0.0	630.0	79.0	11.0	2.0	nan	nan	-0.1404035602435695
	484.0	0.0	208.547864046628	0.0	630.0	83.0	10.0	2.5	nan	nan	-0.1064947570691435
	485.0	0.0	184.012821217613	0.0	630.0	85.0	10.0	3.0	nan	nan	-0.09408363160574537
	486.0	0.0	196.280342632121	0.0	630.0	84.0	10.0	3.5	-1.28695813953487	-1.0410170822552751	-0.1004472168608701
	487.0	0.0	208.547864046628	0.0	630.0	83.0	10.0	4.0	-0.679227906976744	-0.43328684969714926	-0.1067879548400801
	488.0	0.0	220.815385461136	0.0	630.0	82.0	10.0	4.5	-0.160869767441859	0.08507128983773571	-0.1131125515562493
	489.0	125.64	196.280342632121	0.0	630.0	84.0	10.0	5.0	1.73381860465115	-1.1055157365174852	-0.2694802419747108
	490.0	282.645	159.477778388598	0.0944444444444445	630.0	87.0	10.0	5.5	3.0	-2.294759097112534	-0.2577063485530451
	491.0	408.285	157.359594252741	0.335555555555555	630.0	88.0	11.0	6.0	13.0125767441859	6.380679794856008	-0.070014087245441
	492.0	565.335	236.039391379111	0.432777777777778	630.0	82.0	11.0	6.5	10.4207860465117	3.278674989935901	-0.21568651285463997
	493.0	785.25	322.229231929356	0.482777777777778	630.0	77.0	12.0	7.0	11.7256186046512	4.206475344940271	-0.40471868393333515
	494.0	1036.485	350.249165140604	0.939444444444445	630.0	75.0	12.0	7.5	9.11595348837206	0.405861130765782	-0.04371553018851193
	495.0	1287.765	374.002664697706	1.25277777777778	630.0	75.0	13.0	8.0	9.11595348837206	-2.3569198610616002	0.15546479771268307
	496.0	1570.5	478.992230759718	1.35611111111111	630.0	70.0	14.0	8.5	9.11595348837206	-3.31428177407947	-0.08185016059379913
	497.0	1758.96	545.013291706472	1.50555555555556	630.0	68.0	15.0	9.0	9.20532558139538	-3.4441262067801404	-0.1282679355229981
	498.0	1947.42	708.192624005436	2.08722222222223	630.0	61.0	16.0	9.5	9.20532558139538	-3.3958541445858295	-0.018646527240012922
	499.0	2230.065	812.733014544205	2.40666666666666	630.0	58.0	17.0	10.0	9.11595348837206	-3.3409353195343705	0.03180836922396013
	500.0	1696.14	832.083800604781	2.44166666666666	630.0	57.0	17.0	10.5	7.63237674418602	-4.347188503410511	0.1048895102628653
	501.0	2512.8	968.707730917352	2.5961111111111	630.0	53.0	18.0	11.0	nan	nan	-0.10707292141953628
	502.0	2889.675	1051.15094205925	3.97777777777777	630.0	49.0	18.0	11.5	5.20145581395346	-6.36635715157928	1.1455427826731137
	503.0	3046.725	1206.81492385115	3.10166666666667	630.0	45.0	19.0	12.0	8.66909302325576	-3.1452825214387197	-0.0310888222536998
	504.0	3109.59	1228.75701337572	2.9961111111111	630.0	44.0	19.0	12.5	nan	nan	-0.04085630170352417
	505.0	2983.905	1184.87283432658	3.99333333333332	630.0	46.0	19.0	13.0	14.4067813953487	2.8890301088864803	1.168858673553483
	506.0	2826.9	1206.81492385115	3.56944444444445	630.0	45.0	19.0	13.5	10.5816558139535	-0.9071546318692896	0.735056831531502
	507.0	2764.035	1260.79322256364	3.35222222222222	630.0	46.0	20.0	14.0	15.6222418604654	3.9738652667634096	0.42698741395111295
	508.0	2701.26	1284.14124520371	3.13666666666667	630.0	45.0	20.0	14.5	13.0125767441859	1.3624401726638897	0.2047093376376239
	509.0	2575.575	1307.48926784377	3.33944444444445	630.0	44.0	20.0	15.0	5.20145581395346	-6.464299966564949	0.3926098335464068
	510.0	2449.98	1307.48926784377	3.99333333333332	630.0	44.0	20.0	15.5	14.2459116279064	2.5646467914242805	1.0826969922039806
	511.0	2167.245	1400.88135840404	2.68055555555555	630.0	40.0	20.0	16.0	13.8884232558141	2.2305604674197195	-0.4001559007222051
	512.0	1821.735	1316.52537147398	3.515	630.0	40.0	19.0	16.5	7.81112093023256	-3.5677493265786193	0.691715655238196
	513.0	1539.045	1272.64119242485	2.32555555555555	630.0	42.0	19.0	17.0	9.11595348837206	-2.00618920111304	-0.39151055392036804
	514.0	1444.815	1272.64119242485	1.95888888888889	630.0	42.0	19.0	17.5	6.50628837209308	-4.18521635374266	-0.7782542889930699
	515.0	1350.63	1250.69910290028	1.90055555555556	630.0	43.0	19.0	18.0	5.20145581395346	-5.00097571391832	-0.7848577801359271
	516.0	879.48	1228.75701337572	2.795	630.0	44.0	19.0	18.5	13.0125767441859	4.6363997396637515	0.33690154597994404
	517.0	690.975	1206.81492385115	2.48111111111111	630.0	45.0	19.0	19.0	7.29276279069768	-0.858898520857772	0.012855029516412042
	518.0	376.92	1112.98335041568	1.71222222222222	630.0	46.0	18.0	19.5	9.20532558139538	2.052200686217857	-0.3887281300045211
	519.0	314.1	1112.98335041568	1.95888888888889	630.0	46.0	18.0	20.0	9.11595348837206	2.7290527908282396	-0.06450419717707279
	520.0	251.28	1092.37254763021	0.95722222222222	630.0	47.0	18.0	20.5	7.81112093023256	2.5076814337903386	-0.858522158188042
	521.0	125.64	1071.76174484473	1.06277777777778	630.0	48.0	18.0	21.0	2.59179069767436	-0.7044947808188091	-0.15034624710250788
	522.0	62.82	928.837730907662	0.826666666666665	630.0	52.0	17.0	21.5	1.28695813953487	-0.72165493198257	0.06367213270625549
	523.0	45.0	780.827764929071	0.482777777777778	630.0	57.0	16.0	22.0	2.07343255813948	0.578304054351831	-0.10017646211657821
	524.0	0.0	681.266614633091	0.24	630.0	60.0	15.0	22.5	-0.339613953488372	-0.09367289620877728	-0.08543914246034678
	525.0	0.0	613.139953169782	0.24	630.0	64.0	15.0	23.0	-0.518358139534884	-0.27241708225528927	-0.06014072584259539
	526.0	0.0	478.992230759718	0.096111111111111	630.0	70.0	14.0	23.5	-0.160869767441859	0.08507128983773571	-0.1418955616468935
	527.0	0.0	403.922877873523	0.0	630.0	73.0	13.0	24.0	-0.160869767441859	0.08507128983773571	-0.2027273271701752
	528.0	0.0	294.209298718107	0.0	701.0	79.0	12.0	0.5	-0.160869767441859	0.08507128983773571	-0.1486461036507378
	529.0	0.0	280.199332112483	0.0	701.0	80.0	12.0	1.0	-0.160869767441859	0.08507128983773571	-0.1422372770098304
	530.0	0.0	209.812792336987	0.0	701.0	84.0	11.0	1.5	-0.160869767441859	0.08507128983773571	-0.1068329998418621
	531.0	0.0	183.586193294864	0.0	701.0	86.0	11.0	2.0	-0.160869767441859	0.08507128983773571	-0.09368833138989818
	532.0	0.0	157.359594252741	0.0	701.0	88.0	11.0	2.5	-0.160869767441859	0.08507128983773571	-0.08042841791710063
	533.0	0.0	110.407692730568	0.0	701.0	91.0	10.0	3.0	-0.160869767441859	0.08507128983773571	-0.05649269410005114
	534.0	0.0	103.231348043919	0.0	701.0	91.0	9.0	3.5	-0.160869767441859	0.08507128983773571	-0.05286592868846782
	535.0	0.0	137.641797391892	0.0	701.0	88.0	9.0	4.0	-0.0714976744186026	0.1744433828609921	-0.07052963373532407
	536.0	45.0	114.701497826577	0.0	701.0	90.0	9.0	4.5	0.0714976744186026	-1.0971181770204332	-0.0948313209244521
	537.0	94.23	91.7611982612614	0.0	701.0	92.0	9.0	5.0	3.4676372093023	1.4928952346249988	-0.1069084118240387
	538.0	157.05	91.7611982612614	nan	701.0	92.0	9.0	5.5	7.81112093023256	4.71900065153196	nan
	539.0	314.1	85.8726499015527	nan	701.0	93.0	10.0	6.0	9.02658139534884	3.363579726917771	nan
	540.0	502.56	122.675214145075	nan	701.0	90.0	10.0	6.5	9.02658139534884	2.3019511837618083	nan
	541.0	785.25	210.149499084362	0.50111111111111	701.0	85.0	12.0	7.0	9.02658139534884	1.4946791941343704	-0.08021357710294552
	542.0	1162.17	433.84309104934	1.16333333333333	701.0	71.0	13.0	7.5	13.0125767441859	2.2474164305581006	-0.09336103769958304
	543.0	188.46	478.992230759718	1.17666666666667	701.0	70.0	14.0	8.0	6.0773023255814	1.3551409998910762	0.34570200559491593
	544.0	125.64	459.854964877336	1.02777777777778	701.0	73.0	15.0	8.5	3.80725116279064	0.21551271699212782	0.4052333071876272
	545.0	1130.715	490.287201234533	1.50333333333334	701.0	73.0	16.0	9.0	13.0125767441859	1.6823604955899896	0.10789563673609304
	546.0	628.2	544.763556927258	1.55666666666667	701.0	70.0	16.0	9.5	12.8517069767436	4.687224059540812	0.08466455191489208
	547.0	1884.555	599.874367877865	2.10388888888889	701.0	69.0	17.0	10.0	11.636246511628	-0.9521793274853589	0.30807483003913005
	548.0	942.255	715.979084241323	2.42444444444444	701.0	63.0	17.0	10.5	10.0632976744186	0.37498410562744766	0.5257461986163903
	549.0	1570.5	762.599703062597	3.0361111111111	701.0	63.0	18.0	11.0	11.7256186046512	-0.14860002579610132	0.8505696507580698
	550.0	2418.57	824.432111419023	3.23	701.0	60.0	18.0	11.5	9.02658139534884	-2.7840912720496007	0.86539470055448
	551.0	2449.98	943.509849556354	3.29944444444445	701.0	57.0	19.0	12.0	11.7971162790697	0.0056357022991289085	0.6605420844804071
	552.0	690.975	1003.9649735229	3.21777777777777	701.0	57.0	20.0	12.5	10.4207860465117	1.6143263518162936	0.8208107618503231
	553.0	2732.67	957.268928242763	3.1488888888889	701.0	59.0	20.0	13.0	15.6222418604654	3.37819388221088	0.6005772289219942
	554.0	628.2	1097.35706408317	nan	701.0	53.0	20.0	13.5	nan	nan	nan
	555.0	2512.8	1067.78046403047	3.08777777777777	701.0	57.0	21.0	14.0	5.55894418604654	-6.8303674558301495	0.34985742579928303
	556.0	2449.98	1117.44467165979	3.12833333333332	701.0	55.0	21.0	14.5	14.2459116279064	1.900437941996481	0.334488148888902
	557.0	2983.905	1117.44467165979	3.21777777777777	701.0	55.0	21.0	15.0	7.81112093023256	-4.50472735528443	0.4842982095008481
	558.0	628.2	1042.9483602158	2.61944444444445	701.0	58.0	21.0	15.5	10.4207860465117	1.5741075160318125	0.40348275559560065
	559.0	2198.7	1187.90834171619	2.95777777777777	701.0	55.0	22.0	16.0	10.5816558139535	-2.03555506446434	0.053331085921996646
	560.0	1727.505	1161.51037856694	2.52722222222223	701.0	56.0	22.0	16.5	11.4575023255814	-0.9136814986418997	-0.21084540582268785
	561.0	471.105	1135.11241541769	2.24722222222222	701.0	57.0	22.0	17.0	13.0125767441859	4.2477825274742855	-0.055095932441039164
	562.0	1539.045	1092.61256784513	3.48555555555555	701.0	56.0	21.0	17.5	18.2319069767436	6.192249919368038	0.9086745384873454
	563.0	1319.22	1117.44467165979	3.02555555555555	701.0	55.0	21.0	18.0	16.9270744186051	5.485435196149918	0.45136111442884985
	564.0	533.97	1092.61256784513	3.3688888888889	701.0	56.0	21.0	18.5	13.0125767441859	4.4155391101802515	1.06956814387345
	565.0	314.1	1092.61256784513	2.24666666666666	701.0	56.0	21.0	19.0	10.4207860465117	3.1618012699539237	0.253013060543299
	566.0	188.46	1067.78046403047	1.58611111111111	701.0	57.0	21.0	19.5	5.20145581395346	0.47270429710752815	0.08178223760500192
	567.0	94.23	1018.11625640114	1.29555555555556	701.0	59.0	21.0	20.0	3.89662325581398	0.974863798346572	0.3006022189955583
	568.0	157.05	933.920905602695	1.35388888888889	701.0	60.0	20.0	20.5	2.59179069767436	-1.5253908636624813	0.054063421307203985
	569.0	62.82	933.920905602695	0.72611111111111	701.0	60.0	20.0	21.0	1.37633023255808	-0.825921442523408	-0.07162443434271948
	570.0	31.41	746.031043835256	0.314444444444445	701.0	66.0	19.0	21.5	0.339613953488372	-0.892906355716337	-0.18979903213695576
	571.0	0.0	636.320596212425	0.156666666666667	701.0	71.0	19.0	22.0	-0.160869767441859	0.08507128983773571	-0.15198144063508712
	572.0	0.0	556.491675207841	0.0	701.0	73.0	18.0	22.5	-0.160869767441859	0.08507128983773571	-0.274961078366798
	573.0	0.0	406.366507272102	0.0	701.0	79.0	17.0	23.0	-0.160869767441859	0.08507128983773571	-0.2031457135008231
	574.0	0.0	254.222993232721	0.0	701.0	86.0	16.0	23.5	-0.160869767441859	0.08507128983773571	-0.1281264458760987
	575.0	0.0	221.411649755754	0.0	701.0	87.0	15.0	24.0	-0.160869767441859	0.08507128983773571	-0.1122442106511718
	576.0	0.0	159.664076919906	0.0	702.0	90.0	14.0	0.5	-0.518358139534884	-0.27241708225528927	-0.08124875627017489
	577.0	0.0	175.630484611897	0.0	702.0	89.0	14.0	1.0	-0.679227906976744	-0.43328684969714926	-0.08960958966535769
	578.0	0.0	399.160192299765	0.0	702.0	75.0	14.0	1.5	-0.857972093023256	-0.6120310357436614	-0.2039928367609463
	579.0	0.0	606.723492295644	0.0	702.0	62.0	14.0	2.0	-1.03671627906977	-0.7907752217901752	-0.310201135791228
	580.0	0.0	388.962771285615	0.0	702.0	74.0	13.0	2.5	-1.21546046511628	-0.9695194078366852	-0.1988010416339338
	581.0	0.0	314.162238346073	0.0	702.0	79.0	13.0	3.0	-1.28695813953487	-1.0410170822552751	-0.1606388896099162
	582.0	0.0	266.189365506859	0.0	702.0	81.0	12.0	3.5	-1.28695813953487	-1.0410170822552751	-0.136180478651832
	583.0	0.0	210.149499084362	0.0	702.0	85.0	12.0	4.0	nan	nan	-0.107564808895283
	584.0	0.0	182.129565873114	0.0	702.0	87.0	12.0	4.5	-0.339613953488372	-0.09367289620877728	-0.09326910238357522
	585.0	45.0	168.11959926749	0.0	702.0	88.0	12.0	5.0	0.160869767441859	-1.220672130170429	-0.1389226139160603
	586.0	45.0	196.139532478738	0.0	702.0	86.0	12.0	5.5	1.21546046511628	-0.169423812088765	-0.1620908959672636
	587.0	45.0	154.109632661866	0.0	702.0	89.0	12.0	6.0	0.0714976744186026	-1.3162420192921773	-0.1273522440456966
	588.0	45.0	126.089699450617	0.0	702.0	91.0	12.0	6.5	1.28695813953487	-0.103114360454577	-0.104210603136239
	589.0	45.0	140.099666056242	0.202222222222222	702.0	90.0	12.0	7.0	1.03671627906977	-0.35494291314823	0.0864102193452698
	590.0	62.82	168.11959926749	0.355	702.0	88.0	12.0	7.5	0.607730232558142	-1.176377111191149	0.1950973751049498
	591.0	125.64	209.441492230716	0.40611111111111	702.0	86.0	13.0	8.0	2.07343255813948	-1.3288480409433743	0.11849453950870237
	592.0	690.975	224.401598818624	0.76722222222222	702.0	85.0	13.0	8.5	5.55894418604654	-2.1305828111846186	0.14629503499408092
	593.0	942.255	335.294561531803	1.29055555555556	702.0	79.0	14.0	9.0	9.02658139534884	0.36431061050483926	0.35821679640952186
	594.0	1413.45	399.160192299765	1.28111111111111	702.0	75.0	14.0	9.5	11.7256186046512	-0.21489268164908104	0.08104455317690396
	595.0	690.975	579.076622438127	2.06388888888889	702.0	66.0	15.0	10.0	15.6222418604654	7.714156510251023	0.4854536739229369
	596.0	2198.7	630.171618535609	2.17944444444444	702.0	63.0	15.0	10.5	18.0531627906974	5.964385375352279	0.26867169055073203
	597.0	1413.45	690.033838774528	2.51444444444445	702.0	62.0	16.0	11.0	18.7502651162795	7.35466657035172	0.5187960478480798
	598.0	2230.065	715.979084241323	2.07222222222222	702.0	63.0	17.0	11.5	10.0632976744186	-1.6448656549758311	-0.01942213965926376
	599.0	2261.475	824.432111419023	2.08833333333334	702.0	60.0	18.0	12.0	6.93527441860462	-4.71423035151619	-0.2741307959100121
	600.0	2355.75	899.625670507221	1.74944444444445	702.0	59.0	19.0	12.5	6.50628837209308	-5.253394129293839	-0.7668903455984133
	601.0	2387.115	921.567760031787	1.58555555555556	702.0	58.0	19.0	13.0	15.6222418604654	3.8547145658695996	-0.923243432619882
	602.0	2418.57	987.394028605486	3.55833333333333	702.0	55.0	19.0	13.5	10.0632976744186	-1.7301730395908503	0.9305258282640811
	603.0	2387.115	1031.27820765462	1.82388888888889	702.0	53.0	19.0	14.0	nan	nan	-0.8481253781386819
	604.0	2324.34	1031.27820765462	2.11833333333333	702.0	53.0	19.0	14.5	nan	nan	-0.48604659552848695
	605.0	2355.75	1074.0090414431	2.375	702.0	54.0	20.0	15.0	nan	nan	-0.3000594330941162
	606.0	2449.98	1097.35706408317	2.5811111111111	702.0	53.0	20.0	15.5	16.9270744186051	4.691417102887179	-0.1178879904864143
	607.0	2292.93	1097.35706408317	1.95333333333334	702.0	53.0	20.0	16.0	11.7256186046512	-0.46283268964808144	-0.696499898420875
	608.0	314.1	1050.66101880303	2.19	702.0	55.0	20.0	16.5	11.7256186046512	4.743261413350929	0.30517038648107686
	609.0	690.975	548.552238114159	0.66222222222222	702.0	75.0	19.0	17.0	nan	nan	-0.551145820058148
	610.0	471.105	329.772844567609	0.33388888888889	702.0	84.0	18.0	17.5	14.2459116279064	6.065812846998471	-0.4167716541588681
	611.0	1570.5	350.383647353085	0.546666666666665	702.0	83.0	18.0	18.0	16.6768325581397	5.26432377989731	-0.412964893517343
	612.0	1005.12	391.605252924036	0.833333333333335	702.0	81.0	18.0	18.5	15.6222418604654	5.921071066046814	-0.1781381766467789
	613.0	816.615	370.99445013856	0.555	702.0	82.0	18.0	19.0	10.4207860465117	1.57093965093045	-0.4007170440864789
	614.0	628.2	412.216055709512	0.32611111111111	702.0	80.0	18.0	19.5	3.80725116279064	-4.817975401959174	-0.7479852024909809
	615.0	314.1	329.131342868495	0.77388888888889	702.0	85.0	19.0	20.0	1.28695813953487	-5.358307298464998	0.04590031293350638
	616.0	62.82	307.189253343929	0.439444444444445	702.0	86.0	19.0	20.5	2.59179069767436	0.404333581029805	0.1600932649498652
	617.0	45.0	247.329633425707	0.217777777777778	702.0	88.0	18.0	21.0	0.857972093023256	-0.7805037397875619	0.019356010097064086
	618.0	0.0	174.157074545187	0.11	702.0	91.0	17.0	21.5	-0.0714976744186026	0.1744433828609921	0.022492185210168658
	619.0	0.0	174.157074545187	0.215555555555555	702.0	91.0	17.0	22.0	-0.160869767441859	0.08507128983773571	0.12739375382032914
	620.0	0.0	145.270281847269	0.0	702.0	92.0	16.0	22.5	-0.518358139534884	-0.27241708225528927	-0.07387297958350153
	621.0	0.0	181.587852309086	0.0	702.0	90.0	16.0	23.0	-0.679227906976744	-0.43328684969714926	-0.092613482000517
	622.0	0.0	204.379984389927	0.0	702.0	88.0	15.0	23.5	-0.857972093023256	-0.6120310357436614	-0.1044212108071359
	623.0	0.0	153.284988292445	0.0	702.0	91.0	15.0	24.0	-0.857972093023256	-0.6120310357436614	-0.07840131841467951
	624.0	0.0	159.664076919906	0.0	703.0	90.0	14.0	0.5	-1.28695813953487	-1.0410170822552751	-0.08173544170554545
	625.0	0.0	143.697669227916	0.0	703.0	91.0	14.0	1.0	nan	nan	-0.07360436306470432
	626.0	0.0	127.731261535925	0.0	703.0	92.0	14.0	1.5	nan	nan	-0.06545460038909219
	627.0	0.0	111.764853843934	0.0	703.0	93.0	14.0	2.0	nan	nan	-0.05729213933154215
	628.0	0.0	119.680852703266	0.0	703.0	92.0	13.0	2.5	nan	nan	-0.06136653862278732
	629.0	0.0	89.7606395274495	0.0	703.0	94.0	13.0	3.0	-1.28695813953487	-1.0410170822552751	-0.04603300460648892
	630.0	0.0	89.7606395274495	0.0	703.0	94.0	13.0	3.5	-1.03671627906977	-0.7907752217901752	-0.04604134542062456
	631.0	0.0	74.8005329395412	0.0	703.0	95.0	13.0	4.0	-0.160869767441859	0.08507128983773571	-0.03837276049570783
	632.0	45.0	98.0697662393691	0.0	703.0	93.0	12.0	4.5	1.21546046511628	-0.16345162717276507	-0.08115632014372841
	633.0	45.0	98.0697662393691	0.0	703.0	93.0	12.0	5.0	2.43092093023256	1.0484429572961498	-0.08115197336733564
	634.0	62.82	70.0498330281207	0.0	703.0	95.0	12.0	5.5	3.80725116279064	2.030238387655599	-0.06668595702844032
	635.0	157.05	74.8005329395412	0.0	703.0	95.0	13.0	6.0	6.41691627906974	2.379275838868285	-0.1183386544356607
	636.0	345.465	59.8404263516331	0.0	703.0	96.0	13.0	6.5	9.11595348837206	2.498900592826021	-0.1453116536290391
	637.0	690.975	63.8656307679625	0.0	703.0	96.0	14.0	7.0	10.4207860465117	2.4726986090402674	-0.176952655585486
	638.0	942.255	85.1583268291362	0.0	703.0	95.0	15.0	7.5	10.4207860465117	1.3221431262955097	-0.2376313582045555
	639.0	1256.4	217.905422770903	0.0	703.0	88.0	16.0	8.0	13.0125767441859	0.8564939254570891	-0.6450115771806024
	640.0	1413.45	326.858134156355	0.449444444444445	703.0	82.0	16.0	8.5	15.2826279069769	2.6953251534642906	-0.5384284951533562
	641.0	1601.91	580.523581817289	1.64555555555556	703.0	70.0	17.0	9.0	10.4207860465117	-2.5453392466784788	-0.12195394225512479
	642.0	1790.325	721.378097491646	2.31666666666666	703.0	65.0	18.0	9.5	12.8517069767436	-0.1711565205611496	0.1356095382075413
	643.0	1947.42	877.683580982655	3.31222222222222	703.0	60.0	19.0	10.0	10.7604	-2.06321320952002	0.7106708169980931
	644.0	2135.88	1050.66101880303	3.90277777777777	703.0	55.0	20.0	10.5	8.66909302325576	-4.037047239716481	0.888216551750733
	645.0	2230.065	1167.10887928911	4.48722222222223	703.0	53.0	21.0	11.0	13.0125767441859	-0.23194549450841961	1.295156266577588
	646.0	2418.57	1319.89815746243	nan	703.0	50.0	22.0	11.5	10.4207860465117	-2.4123782813161796	nan
	647.0	2544.21	1514.66556309163	nan	703.0	46.0	23.0	12.0	10.4207860465117	-1.8396013989188393	nan
	648.0	2638.44	1787.41185055506	nan	703.0	40.0	24.0	12.5	13.8884232558141	2.2164705222942906	nan
	649.0	2607.03	1865.84567460492	3.84166666666667	703.0	41.0	25.0	13.0	10.4207860465117	-0.5856634524587196	0.06678164352418703
	650.0	2544.21	1897.47017756433	3.60833333333332	703.0	40.0	25.0	13.5	6.0773023255814	-4.52911900241474	0.0234128931325972
	651.0	2481.345	1929.09468052373	3.065	703.0	39.0	25.0	14.0	7.81112093023256	-2.6389172940752097	-0.45446684492592526
	652.0	2449.98	1787.41185055506	3.0538888888889	703.0	40.0	24.0	14.5	11.7971162790697	1.4195105202186902	-0.14392964172587686
	653.0	2481.345	1929.09468052373	3.07777777777777	703.0	39.0	25.0	15.0	7.81112093023256	-2.844358446213219	-0.46001185509572684
	654.0	2512.8	1929.09468052373	2.63777777777777	703.0	39.0	25.0	15.5	13.0125767441859	2.42514094393462	-0.822436664423853
	655.0	1884.555	1929.09468052373	2.91333333333333	703.0	39.0	25.0	16.0	13.0125767441859	2.5216078440250502	-0.4757800756823638
	656.0	1193.535	1929.09468052373	2.94722222222222	703.0	39.0	25.0	16.5	nan	nan	-0.2592509211055889
	657.0	1947.42	1960.71918348314	3.22333333333332	703.0	38.0	25.0	17.0	nan	nan	-0.3231037382824331
	658.0	816.615	2023.96818940195	2.26666666666666	703.0	36.0	25.0	17.5	nan	nan	-0.9228509989520601
	659.0	1193.535	1897.47017756433	2.46277777777778	703.0	40.0	25.0	18.0	nan	nan	-0.7775182210810772
	660.0	785.25	1897.47017756433	2.68333333333332	703.0	40.0	25.0	18.5	nan	nan	-0.4240946448698364
	661.0	251.28	1897.47017756433	3.25	703.0	40.0	25.0	19.0	13.0125767441859	6.611495335401446	0.8607324727853118
	662.0	314.1	1698.04125802731	3.04444444444445	703.0	43.0	24.0	19.5	11.7971162790697	4.472662299930603	0.4168004702210042
	663.0	188.46	1578.88046799031	2.81166666666667	703.0	47.0	24.0	20.0	11.7256186046512	6.151411818194924	0.9096873468572291
	664.0	628.2	1402.46811397373	2.59944444444445	703.0	50.0	23.0	20.5	5.20145581395346	-3.682738268931205	-0.2889206956957926
	665.0	251.28	1318.32002713531	1.945	703.0	53.0	23.0	21.0	9.02658139534884	2.35601242351278	-0.06267325753497999
	666.0	94.23	1082.3164891192	1.17277777777778	703.0	59.0	22.0	21.5	3.80725116279064	0.9027703868727661	0.20274251739840476
	667.0	31.41	794.627322069184	0.82222222222222	703.0	68.0	21.0	22.0	0.518358139534884	-0.7996919378366181	0.33447712274178365
	668.0	0.0	840.528815042426	0.69277777777778	703.0	64.0	20.0	22.5	-1.28695813953487	-1.0410170822552751	0.30657492993811913
	669.0	0.0	887.224860322561	0.541666666666665	703.0	62.0	20.0	23.0	nan	nan	0.11751217174071404
	670.0	0.0	767.973133359823	0.262222222222222	703.0	65.0	19.0	23.5	nan	nan	-0.1131337990255431
	671.0	0.0	724.08895431069	0.31388888888889	703.0	67.0	19.0	24.0	-1.28695813953487	-1.0410170822552751	-0.04512091099811738
	672.0	0.0	482.72596954046	0.369444444444445	704.0	78.0	19.0	0.5	-0.857972093023256	-0.6120310357436614	0.12789802766527752
	673.0	0.0	789.915222884389	nan	704.0	64.0	19.0	1.0	-0.857972093023256	-0.6120310357436614	nan
	674.0	0.0	724.08895431069	0.315	704.0	67.0	19.0	1.5	-0.679227906976744	-0.43328684969714926	-0.05107544886854021
	675.0	0.0	614.378506687858	0.212222222222222	704.0	72.0	19.0	2.0	-0.7686	-0.5226589427204053	-0.0991289947043816
	676.0	0.0	535.880872422365	0.0	704.0	74.0	18.0	2.5	-1.21546046511628	-0.9695194078366852	-0.2721582858977708
	677.0	0.0	474.048464065938	0.0	704.0	77.0	18.0	3.0	-1.21546046511628	-0.9695194078366852	-0.2411949281337729
	678.0	0.0	425.717293332678	0.0	704.0	78.0	17.0	3.5	-0.7686	-0.5226589427204053	-0.2169293266586431
	679.0	0.0	367.66493515095	0.0	704.0	81.0	17.0	4.0	-0.160869767441859	0.08507128983773571	-0.1875753989052674
	680.0	0.0	348.314149090373	0.0	704.0	82.0	17.0	4.5	-0.160869767441859	0.08507128983773571	-0.1778875915655989
	681.0	45.0	270.911004848068	0.0	704.0	86.0	17.0	5.0	0.160869767441859	-1.4809126357679672	-0.2233355650985005
	682.0	45.0	217.905422770903	0.107222222222222	704.0	88.0	16.0	5.5	1.21546046511628	-0.374640244632362	-0.07246661811208921
	683.0	45.0	254.222993232721	0.268333333333333	704.0	86.0	16.0	6.0	1.73381860465115	0.14096814918947698	0.05860051902497049
	684.0	45.0	290.540563694538	0.268333333333333	704.0	84.0	16.0	6.5	1.73381860465115	0.1389354769738329	0.028600213455606066
	685.0	45.0	308.699348925446	0.16	704.0	83.0	16.0	7.0	1.89468837209308	0.2985795417994861	-0.09470385752254831
	686.0	45.0	290.540563694538	0.213888888888889	704.0	84.0	16.0	7.5	2.07343255813948	0.476961776852616	-0.025803094425813522
	687.0	45.0	348.314149090373	0.42611111111111	704.0	82.0	17.0	8.0	2.7705348837209	1.1203980947026781	0.13875849004422852
	688.0	94.23	348.314149090373	0.483333333333333	704.0	82.0	17.0	8.5	3.98599534883718	0.948111161670675	0.07856775910596181
	689.0	282.645	328.963363029797	0.70388888888889	704.0	83.0	17.0	9.0	6.0773023255814	-0.3750840249757621	-0.020751685600360115
	690.0	314.1	328.963363029797	0.875555555555555	704.0	83.0	17.0	9.5	11.2787581395349	4.480962973505889	0.1112094715121198
	691.0	628.2	391.605252924036	0.98722222222222	704.0	81.0	18.0	10.0	15.9797302325577	7.177393152761706	-0.0868260037656019
	692.0	439.74	391.605252924036	1.04722222222222	704.0	81.0	18.0	10.5	13.8884232558141	5.864528942563121	0.0312095836407551
	693.0	345.465	394.957611442194	nan	704.0	82.0	19.0	11.0	nan	nan	nan
	694.0	659.61	504.668059065026	1.38055555555555	704.0	77.0	19.0	11.5	13.0125767441859	3.9930197818240067	0.01503125799306404
	695.0	565.335	537.00452072155	1.38055555555555	704.0	77.0	20.0	12.0	13.0125767441859	3.901584044654424	-0.05235509586718501
	696.0	1319.22	583.700566001685	1.68444444444445	704.0	75.0	20.0	12.5	19.5367395348833	8.25841477438582	0.006046760243465066
	697.0	1099.35	695.298906810536	2.025	704.0	72.0	21.0	13.0	15.6222418604654	4.99754445071312	0.13351333462331683
	698.0	1790.325	794.627322069184	2.26777777777778	704.0	68.0	21.0	13.5	18.2319069767436	5.257716813304059	-0.0264821439872458
	699.0	942.255	950.326673372952	1.72166666666667	704.0	64.0	22.0	14.0	15.6222418604654	5.550297237733	-0.6897925832937981
	700.0	1664.73	950.326673372952	2.08388888888889	704.0	64.0	22.0	14.5	18.2319069767436	5.2095254442563785	-0.5086817314299661
	701.0	753.84	897.530747074454	1.80055555555556	704.0	66.0	22.0	15.0	nan	nan	-0.3347006214933659
	702.0	942.255	818.336857626708	1.36055555555556	704.0	69.0	22.0	15.5	17.713548837209	7.690642964693589	-0.5905565671848569
	703.0	628.2	791.93889447746	2.00555555555555	704.0	70.0	22.0	16.0	nan	nan	0.12385257025938423
	704.0	1256.4	871.132783925206	1.82833333333334	704.0	67.0	22.0	16.5	13.8884232558141	1.8614094305623397	-0.39769696113042197
	705.0	1413.45	923.928710223703	2.30388888888889	704.0	65.0	22.0	17.0	18.2319069767436	5.481432948338169	-0.08860462955335491
	706.0	690.975	923.928710223703	2.30388888888889	704.0	65.0	22.0	17.5	11.636246511628	2.186060018363545	0.15180737711321024
	707.0	1256.4	950.326673372952	2.30388888888889	704.0	64.0	22.0	18.0	16.6768325581397	4.685597378988081	-0.06085787129114495
	708.0	1130.715	950.326673372952	2.37722222222223	704.0	64.0	22.0	18.5	13.0125767441859	2.289680514008319	0.09546453093350005
	709.0	910.845	976.7246365222	2.08388888888889	704.0	63.0	22.0	19.0	14.2459116279064	4.721445586417053	-0.16509117976355903
	710.0	628.2	976.7246365222	1.85833333333333	704.0	63.0	22.0	19.5	12.8517069767436	3.7351845972776623	-0.3775129144321798
	711.0	565.335	923.928710223703	2.22222222222222	704.0	65.0	22.0	20.0	11.636246511628	2.6038543970311956	0.11913370001689305
	712.0	502.56	844.291529698508	1.70444444444445	704.0	66.0	21.0	20.5	11.7256186046512	3.0491286070208155	-0.19984039177465895
	713.0	345.465	769.795218254521	1.12944444444445	704.0	69.0	21.0	21.0	6.50628837209308	-1.2412115013987384	-0.4448858314672799
	714.0	125.64	769.795218254521	0.67222222222222	704.0	69.0	21.0	21.5	-0.0714976744186026	-3.680126427573968	-0.24041725966657035
	715.0	0.0	720.131010625198	0.33388888888889	704.0	71.0	21.0	22.0	-0.857972093023256	-0.6120310357436614	0.002296670222273034
	716.0	0.0	396.916384881145	0.0	704.0	83.0	20.0	22.5	nan	nan	-0.1902430050949696
	717.0	0.0	303.524294320876	0.0	704.0	87.0	20.0	23.0	-1.28695813953487	-1.0410170822552751	-0.1492591258692451
	718.0	0.0	307.189253343929	0.0	704.0	86.0	19.0	23.5	-1.28695813953487	-1.0410170822552751	-0.1534125542875144
	719.0	0.0	307.189253343929	0.217777777777778	704.0	86.0	19.0	24.0	nan	nan	0.06295920961196258
	720.0	0.0	329.131342868495	0.322777777777777	705.0	85.0	19.0	0.5	nan	nan	0.1559712885131653
	721.0	0.0	351.073432393062	0.488333333333333	705.0	84.0	19.0	1.0	nan	nan	0.30979562543901273
	722.0	0.0	288.551238996658	0.32388888888889	705.0	86.0	18.0	1.5	nan	nan	0.1768320030921765
	723.0	0.0	288.551238996658	0.270555555555555	705.0	86.0	18.0	2.0	nan	nan	0.12325547883069579
	724.0	0.0	288.551238996658	0.161666666666666	705.0	86.0	18.0	2.5	nan	nan	0.014202947012071393
	725.0	0.0	285.247163819363	0.161666666666666	705.0	87.0	19.0	3.0	nan	nan	0.0157805338643629
	726.0	0.0	307.189253343929	0.106666666666667	705.0	86.0	19.0	3.5	nan	nan	-0.050526255367477
	727.0	0.0	329.131342868495	0.106666666666667	705.0	85.0	19.0	4.0	nan	nan	-0.06180870576872351
	728.0	0.0	288.551238996658	0.0	705.0	86.0	18.0	4.5	nan	nan	-0.1477292073172745
	729.0	94.23	185.49722506928	0.0	705.0	91.0	18.0	5.0	-1.28695813953487	-4.379810610864519	-0.2158783428825833
	730.0	157.05	123.664816712853	0.0	705.0	94.0	18.0	5.5	-1.21546046511628	-5.7194196181411945	-0.1952550710956261
	731.0	314.1	103.054013927378	0.0	705.0	95.0	18.0	6.0	-0.339613953488372	-7.37839214997314	-0.2407354147595532
	732.0	502.56	96.7539303028814	0.0	705.0	95.0	17.0	6.5	nan	nan	-0.262164285781488
	733.0	785.25	96.7539303028814	0.0	705.0	95.0	17.0	7.0	nan	nan	-0.2674910967174363
	734.0	1162.17	96.7539303028814	0.0	705.0	95.0	17.0	7.5	nan	nan	-0.2806544217844411
	735.0	188.46	77.4031442423053	0.0	705.0	96.0	17.0	8.0	2.59179069767436	-2.4481415482259528	-0.1355010927672577
	736.0	125.64	77.4031442423053	0.0	705.0	96.0	17.0	8.5	0.160869767441859	-3.6144729807261733	-0.1061364694852641
	737.0	1130.715	77.4031442423053	0.154444444444445	705.0	96.0	17.0	9.0	3.4676372093023	-8.13482860885824	-0.06885562423042932
	738.0	628.2	77.4031442423053	0.205555555555555	705.0	96.0	17.0	9.5	nan	nan	-0.008534324101901108
	739.0	1884.555	58.0523581817289	0.35888888888889	705.0	97.0	17.0	10.0	5.20145581395346	-7.57098416623295	0.1791413060475797
	740.0	942.255	54.4763556927259	0.41111111111111	705.0	97.0	16.0	10.5	nan	nan	0.2593098527981226
	741.0	1570.5	54.4763556927259	nan	705.0	97.0	16.0	11.0	nan	nan	nan
	742.0	2418.57	54.4763556927259	0.720555555555555	705.0	97.0	16.0	11.5	5.20145581395346	-6.656713345751509	0.5498131468764648
	743.0	1800.0	54.4763556927259	0.990555555555555	705.0	97.0	16.0	12.0	5.20145581395346	-6.3996908493367695	0.8220919256464136
	744.0	1256.4	51.0949960974818	1.45	705.0	97.0	15.0	12.5	5.20145581395346	-5.357768028969229	1.2988308814946214
	745.0	785.25	72.6351409236345	1.49222222222223	705.0	96.0	16.0	13.0	4.86184186046512	-3.2878769558938714	1.2912109624756671
	746.0	1570.5	127.11149661636	1.75111111111111	705.0	93.0	16.0	13.5	4.86184186046512	-6.496982694262421	1.3618281479898546
	747.0	2889.675	193.507860605763	1.73777777777778	705.0	90.0	17.0	14.0	13.0125767441859	1.1703491162359096	1.1308850625203508
	748.0	3203.82	251.560218787492	1.88944444444445	705.0	87.0	17.0	14.5	11.636246511628	-0.29326569974474914	1.102346191029446
	749.0	2135.88	367.66493515095	2.07833333333333	705.0	81.0	17.0	15.0	8.66909302325576	-3.3018009517064097	0.941961693643838
	750.0	2520.0	387.015721211526	1.75777777777778	705.0	80.0	17.0	15.5	10.4207860465117	-1.6518618166141898	0.559960423117511
	751.0	3150.0	515.27006963689	1.69277777777778	705.0	75.0	18.0	16.0	15.6222418604654	3.3623167720510097	0.10888402541558984
	752.0	2925.0	658.262685736991	1.58444444444445	705.0	70.0	19.0	16.5	13.0125767441859	0.6619351553500703	-0.41367910220400694
	753.0	3298.05	746.031043835256	0.823333333333335	705.0	66.0	19.0	17.0	13.8884232558141	1.6542308930016194	-1.3961114543851592
	754.0	3517.92	811.857312408955	nan	705.0	63.0	19.0	17.5	8.66909302325576	-3.4098091624331506	nan
	755.0	2764.035	833.799401933522	nan	705.0	62.0	19.0	18.0	8.66909302325576	-3.2367141491539897	nan
	756.0	3769.155	824.432111419023	nan	705.0	60.0	18.0	18.5	11.1178883720931	-0.49843149078352056	nan
	757.0	2198.7	824.432111419023	nan	705.0	60.0	18.0	19.0	nan	nan	nan
	758.0	157.05	754.680656362476	0.097222222222222	705.0	61.0	17.0	19.5	0.0714976744186026	-3.7814606911711164	-0.922541843617713
	759.0	31.41	735.329870301899	0.0	705.0	62.0	17.0	20.0	0.679227906976744	-0.47486768840263505	-0.4788450801343057
	760.0	235.53	708.192624005436	0.0	705.0	61.0	16.0	20.5	1.21546046511628	-3.8805080640818854	-1.320569725099203
	761.0	188.46	708.192624005436	0.0	705.0	61.0	16.0	21.0	0.679227906976744	-3.724270930710017	-1.155315815227541
	762.0	157.05	726.351409236345	0.0	705.0	60.0	16.0	21.5	0.339613953488372	-3.5840959347574177	-1.074735636693393
	763.0	78.525	726.351409236345	0.0	705.0	60.0	16.0	22.0	0.160869767441859	-2.230530405000183	-0.7259476147016836
	764.0	0.0	647.203283901436	0.0	705.0	62.0	15.0	22.5	0.0	0.2459410572795947	-0.3164222686694245
	765.0	0.0	574.790676911662	0.0	705.0	64.0	14.0	23.0	-0.339613953488372	-0.09367289620877728	-0.2853177318993587
	766.0	0.0	523.603730576789	0.0	705.0	65.0	13.0	23.5	-1.03671627906977	-0.7907752217901752	-0.262461861387003
	767.0	0.0	493.683517400973	0.0	705.0	67.0	13.0	24.0	-0.857972093023256	-0.6120310357436614	-0.2490594651050099
	768.0	0.0	448.803197637248	0.0	706.0	70.0	13.0	0.5	-0.679227906976744	-0.43328684969714926	-0.2273870901916302
	769.0	0.0	433.84309104934	0.0	706.0	71.0	13.0	1.0	-0.679227906976744	-0.43328684969714926	-0.2204683560526243
	770.0	0.0	392.279064957477	0.0	706.0	72.0	12.0	1.5	-0.518358139534884	-0.27241708225528927	-0.1997569510206072
	771.0	0.0	378.269098351852	0.0	706.0	73.0	12.0	2.0	-0.518358139534884	-0.27241708225528927	-0.1929211555469692
	772.0	0.0	301.605888984419	0.0	706.0	77.0	11.0	2.5	-1.03671627906977	-0.7907752217901752	-0.153992349643612
	773.0	0.0	288.492589463358	0.0	706.0	78.0	11.0	3.0	-0.857972093023256	-0.6120310357436614	-0.1474460055387619
	774.0	0.0	245.350428290151	0.0	706.0	80.0	10.0	3.5	-0.160869767441859	0.08507128983773571	-0.1254886854625428
	775.0	45.0	245.350428290151	0.0	706.0	80.0	10.0	4.0	0.0714976744186026	-1.1778278709662493	-0.2025331469836522
	776.0	45.0	233.082906875643	0.0	706.0	81.0	10.0	4.5	0.518358139534884	-0.734950689490734	-0.1924150430667641
	777.0	157.05	220.815385461136	0.0	706.0	82.0	10.0	5.0	1.28695813953487	-2.164944599084948	-0.3485483646281435
	778.0	785.25	206.462696087838	0.125	706.0	82.0	9.0	5.5	3.4676372093023	-2.977555993698971	-0.44551846111685933
	779.0	1256.4	196.280342632121	0.208333333333333	706.0	84.0	10.0	6.0	7.81112093023256	-1.2569170945393093	-0.37037491158687175
	780.0	690.975	220.815385461136	0.420555555555555	706.0	82.0	10.0	6.5	3.80725116279064	-3.083245910512946	-0.18720729564424832
	781.0	816.615	233.082906875643	0.52722222222222	706.0	81.0	10.0	7.0	6.93527441860462	-0.0731550488213033	-0.11314391123611889
	782.0	2449.98	245.350428290151	0.52722222222222	706.0	80.0	10.0	7.5	13.8884232558141	2.8201947483070704	-0.2353640562488042
	783.0	1884.555	257.617949704658	0.848333333333335	706.0	79.0	10.0	8.0	15.6222418604654	4.584353554572919	0.05945501079251103
	784.0	2764.035	306.688035362688	nan	706.0	75.0	10.0	8.5	nan	nan	nan
	785.0	2041.65	340.945787547605	1.11888888888889	706.0	74.0	11.0	9.0	18.2319069767436	6.575795438302658	0.078559382815925
	786.0	1947.42	367.172386589728	1.28222222222222	706.0	72.0	11.0	9.5	10.4207860465117	-1.0912019707215386	0.16779309217374783
	787.0	2010.24	434.308964774349	1.94611111111111	706.0	69.0	12.0	10.0	10.7604	-0.8968403832592298	0.633663614242032
	788.0	2135.88	504.35879780247	2.05055555555555	706.0	64.0	12.0	10.5	13.0125767441859	1.6016927122578188	0.5338900576508401
	789.0	2261.475	568.484050340514	1.95333333333334	706.0	62.0	13.0	11.0	13.5488093023256	2.17941146119437	0.2565765158567801
	790.0	2387.115	670.589123063606	2.28388888888889	706.0	58.0	14.0	11.5	12.8517069767436	1.5715252074325399	0.3006074145805191
	791.0	2575.575	800.488272193882	2.275	706.0	53.0	15.0	12.0	13.1913209302321	1.9949784631744603	-0.05765658012311592
	792.0	2701.26	834.551602925536	2.28722222222222	706.0	51.0	15.0	12.5	13.0125767441859	2.02097466637883	-0.08198578431395998
	793.0	2764.035	907.939261545431	2.02722222222223	706.0	50.0	16.0	13.0	10.4207860465117	-0.6031025228636793	-0.48860746699066615
	794.0	2764.035	962.415617238157	2.35222222222222	706.0	47.0	16.0	13.5	17.8922930232564	6.936079795201531	-0.24465271170347114
	795.0	2701.26	1044.94244727112	2.48277777777777	706.0	46.0	17.0	14.0	14.3174093023256	3.1977308466329912	-0.26431876514190966
	796.0	2669.805	1102.99480545285	2.38277777777778	706.0	43.0	17.0	14.5	11.7256186046512	0.6454853348719993	-0.43329391891870106
	797.0	2512.8	1195.42656155758	2.58277777777777	706.0	42.0	18.0	15.0	18.0531627906974	6.7042733135280095	-0.3834953389159881
	798.0	2324.34	1236.64816712854	2.41388888888889	706.0	40.0	18.0	15.5	13.0125767441859	1.6701683835397105	-0.542354667799207
	799.0	2073.015	1236.64816712854	2.30666666666666	706.0	40.0	18.0	16.0	13.8884232558141	2.50769631458385	-0.5613515168429211
	800.0	1758.96	1236.64816712854	2.5138888888889	706.0	40.0	18.0	16.5	15.4613720930231	4.0815591760127194	-0.2971952324618732
	801.0	1570.5	1236.64816712854	2.585	706.0	40.0	18.0	17.0	14.3174093023256	3.4477062884546505	-0.18292843715765716
	802.0	1444.815	1236.64816712854	2.6938888888889	706.0	40.0	18.0	17.5	13.0125767441859	2.5809389740737103	-0.04570229796568093
	803.0	1381.995	1236.64816712854	2.34722222222222	706.0	40.0	18.0	18.0	16.4980883720936	6.297466303448221	-0.3771984057069617
	804.0	1256.4	1161.04716363458	2.545	706.0	40.0	17.0	18.5	13.8884232558141	4.265523602072857	0.03349415042464976
	805.0	1036.485	1161.04716363458	2.31555555555555	706.0	40.0	17.0	19.0	16.6768325581397	7.848651717932281	-0.128749752034921
	806.0	816.615	1161.04716363458	1.93	706.0	40.0	17.0	19.5	10.4207860465117	2.362394434759649	-0.4969805619344261
	807.0	596.745	1141.696377574	2.01611111111111	706.0	41.0	17.0	20.0	11.7256186046512	3.8300774485166764	-0.3955925821484598
	808.0	314.1	1044.94244727112	1.81722222222222	706.0	46.0	17.0	20.5	13.0125767441859	6.926690576579723	-0.07040814589404598
	809.0	251.28	1006.24087514997	1.445	706.0	48.0	17.0	21.0	10.4207860465117	5.260740727153304	-0.23305041125010195
	810.0	94.23	853.462905852705	0.860555555555555	706.0	53.0	16.0	21.5	2.59179069767436	-0.007243505762946967	0.03385567424531488
	811.0	62.82	817.145335390888	0.66388888888889	706.0	55.0	16.0	22.0	1.03671627906977	-0.9265505744055971	-0.02123028898706747
	812.0	0.0	715.329945364745	0.474444444444445	706.0	58.0	15.0	22.5	-0.0714976744186026	0.1744433828609921	0.13852567519512893
	813.0	0.0	638.656307679625	0.332222222222222	706.0	60.0	14.0	23.0	-0.250241860465116	-0.004300803185521285	0.02273012110490985
	814.0	0.0	523.603730576789	0.19	706.0	65.0	13.0	23.5	-0.7686	-0.5226589427204053	-0.06856375130038378
	815.0	0.0	628.324476692147	0.077222222222222	706.0	58.0	13.0	24.0	-0.7686	-0.5226589427204053	-0.2368474692198914
	816.0	0.0	420.298998168725	0.0	707.0	70.0	12.0	0.5	-1.03671627906977	-0.7907752217901752	-0.2115259237958801
	817.0	0.0	392.279064957477	0.0	707.0	72.0	12.0	1.0	-0.857972093023256	-0.6120310357436614	-0.1985183597881836
	818.0	0.0	350.249165140604	0.0	707.0	75.0	12.0	1.5	-0.339613953488372	-0.09367289620877728	-0.1778994705353127
	819.0	0.0	350.249165140604	0.0	707.0	75.0	12.0	2.0	-0.518358139534884	-0.27241708225528927	-0.1783565359436387
	820.0	0.0	314.719188505481	0.0	707.0	76.0	11.0	2.5	-1.03671627906977	-0.7907752217901752	-0.1605362884250556
	821.0	0.0	314.719188505481	0.0	707.0	76.0	11.0	3.0	-0.518358139534884	-0.27241708225528927	-0.1607402250436093
	822.0	0.0	306.688035362688	0.0	707.0	75.0	10.0	3.5	-0.160869767441859	0.08507128983773571	-0.1567743228119494
	823.0	0.0	269.885471119166	0.0	707.0	78.0	10.0	4.0	-0.0714976744186026	0.1744433828609921	-0.1380478727779914
	824.0	45.0	240.873145435811	0.0	707.0	79.0	9.0	4.5	1.21546046511628	0.047864136332187	-0.1988342829193186
	825.0	94.23	252.343295218469	0.092777777777778	707.0	78.0	9.0	5.0	1.37633023255808	-0.5971451863537451	-0.2007401704475567
	826.0	219.87	252.343295218469	0.138888888888889	707.0	78.0	9.0	5.5	2.59179069767436	-1.5238903168222317	-0.3467851622691213
	827.0	314.1	269.885471119166	0.280555555555555	707.0	78.0	10.0	6.0	10.4207860465117	4.7658690206930014	-0.34842253083881003
	828.0	408.285	282.152992533673	0.755	707.0	77.0	10.0	6.5	9.11595348837206	2.764236202469183	0.030722004676641546
	829.0	628.2	257.617949704658	0.76111111111111	707.0	79.0	10.0	7.0	9.02658139534884	2.1396724521187034	0.053888630762915946
	830.0	816.615	318.955556777196	1.09722222222222	707.0	74.0	10.0	7.5	6.0773023255814	-0.9285808303285092	0.22360607320802472
	831.0	1130.715	367.172386589728	1.34222222222222	707.0	72.0	11.0	8.0	13.1913209302321	4.208706446239855	0.29729206492567495
	832.0	1381.995	448.318931379973	1.49611111111111	707.0	68.0	12.0	8.5	13.8884232558141	2.4976172571428297	0.16860824900614912
	833.0	1570.5	553.523943752606	1.78222222222222	707.0	63.0	13.0	9.0	13.0125767441859	0.9638061409491598	0.13321608707556587
	834.0	1727.505	613.364370104239	2.22666666666667	707.0	59.0	13.0	9.5	13.0125767441859	1.0031831343238	0.40889711755960123
	835.0	1947.42	702.521938447587	1.85333333333333	707.0	56.0	14.0	10.0	13.1913209302321	1.2046765125334709	-0.20765914114462403
	836.0	2167.245	782.35397690754	1.87611111111111	707.0	51.0	14.0	10.5	12.4942186046512	0.8292765309621011	-0.38189007090467886
	837.0	2355.75	868.614933657191	2.22666666666667	707.0	49.0	15.0	11.0	12.8517069767436	1.3701035031564803	-0.2303544608441519
	838.0	2481.345	885.646599023018	2.485	707.0	48.0	15.0	11.5	13.8884232558141	2.7532201692441696	0.03915896486154269
	839.0	2544.21	998.733187699974	3.2	707.0	45.0	16.0	12.0	10.4207860465117	-0.5959087878484386	0.5036012882935523
	840.0	2575.575	1016.89197293088	3.23833333333332	707.0	44.0	16.0	12.5	10.4207860465117	-0.3905285206025084	0.5759299689736999
	841.0	2607.03	1083.64401939227	3.37777777777777	707.0	44.0	17.0	13.0	13.0125767441859	2.06955904349541	0.6081234033279532
	842.0	2638.44	1083.64401939227	3.275	707.0	44.0	17.0	13.5	16.6768325581397	5.778850636479611	0.575306061672118
	843.0	2701.26	1236.64816712854	3.03666666666667	707.0	40.0	18.0	14.0	13.0125767441859	1.6252676376894097	0.005803556176726232
	844.0	2795.445	1236.64816712854	3.22666666666667	707.0	40.0	18.0	14.5	13.5488093023256	2.1423500341388095	0.29810687276982595
	845.0	2669.805	1277.86977269949	2.815	707.0	38.0	18.0	15.0	17.3560604651167	5.9509258294230385	-0.1491910737310551
	846.0	2387.115	1277.86977269949	3.11333333333333	707.0	38.0	18.0	15.5	13.0125767441859	1.6139009269190492	0.21333489560020613
	847.0	2073.015	1360.40955052311	3.24944444444445	707.0	38.0	19.0	16.0	15.2826279069769	3.706529089857751	0.2137841140788992
	848.0	1947.42	1360.40955052311	3.1361111111111	707.0	38.0	19.0	16.5	14.2459116279064	2.7611999954080595	0.15917083242556895
	849.0	1947.42	1360.40955052311	3.4411111111111	707.0	38.0	19.0	17.0	13.3700651162795	1.9590769287647998	0.4917443034053459
	850.0	1915.965	1360.40955052311	3.39	707.0	38.0	19.0	17.5	13.0125767441859	1.6916250897837397	0.457777769162361
	851.0	1821.735	1360.40955052311	2.9461111111111	707.0	38.0	19.0	18.0	11.7256186046512	0.5107129376200685	0.027239843587126167
	852.0	1633.275	1360.40955052311	3.0688888888889	707.0	38.0	19.0	18.5	10.4207860465117	-0.6168003938668694	0.17151364483273213
	853.0	1381.995	1316.52537147398	2.725	707.0	40.0	19.0	19.0	11.7256186046512	1.3520509873652298	-0.032940478117307936
	854.0	1099.35	1316.52537147398	2.56444444444445	707.0	40.0	19.0	19.5	10.7604	1.7543120079065684	-0.08838771627405295
	855.0	816.615	1272.64119242485	2.61277777777777	707.0	42.0	19.0	20.0	10.7604	2.6717308204995263	0.0949508037119271
	856.0	596.745	1174.81575877211	2.38611111111111	707.0	43.0	18.0	20.5	12.4942186046512	4.581661443621031	0.01473485543215336
	857.0	314.1	1092.37254763021	2.03944444444445	707.0	47.0	18.0	21.0	11.7971162790697	5.416589384607214	0.12382084248382408
	858.0	188.46	986.890089089391	1.15833333333334	707.0	49.0	17.0	21.5	2.59179069767436	-1.599028804571239	-0.20184024329959183
	859.0	94.23	726.351409236345	0.73388888888889	707.0	60.0	16.0	22.0	1.28695813953487	-1.31735737976224	0.028857025456410557
	860.0	45.0	562.0449570723	0.39	707.0	67.0	15.0	22.5	0.160869767441859	-1.278077065367162	-0.021910080764351414
	861.0	0.0	463.025823067728	0.0	707.0	71.0	14.0	23.0	-0.0714976744186026	0.1744433828609921	-0.2198268499312736
	862.0	0.0	336.23919853498	0.0	707.0	76.0	12.0	23.5	-0.0714976744186026	0.1744433828609921	-0.16436359667552
	863.0	0.0	288.492589463358	0.0	707.0	78.0	11.0	24.0	-0.0714976744186026	0.1744433828609921	-0.1435424127776442
	864.0	0.0	196.280342632121	0.0	708.0	84.0	10.0	0.5	-0.160869767441859	0.08507128983773571	-0.0987139149554488
	865.0	0.0	147.21025697409	0.0	708.0	88.0	10.0	1.0	-0.160869767441859	0.08507128983773571	-0.07455317425095981
	866.0	0.0	114.701497826577	0.0	708.0	90.0	9.0	1.5	-0.160869767441859	0.08507128983773571	-0.05835057665162974
	867.0	0.0	91.7611982612614	0.0	708.0	92.0	9.0	2.0	-0.160869767441859	0.08507128983773571	-0.04681663214262905
	868.0	0.0	128.625608203164	0.0	708.0	88.0	8.0	2.5	-0.160869767441859	0.08507128983773571	-0.06575072789735001
	869.0	0.0	85.7504054687757	0.0	708.0	92.0	8.0	3.0	-0.160869767441859	0.08507128983773571	-0.043883506512411
	870.0	0.0	80.0894873282146	0.0	708.0	92.0	7.0	3.5	-0.160869767441859	0.08507128983773571	-0.04102175160476779
	871.0	45.0	90.1006732442414	0.0	708.0	91.0	7.0	4.0	0.0714976744186026	-0.8683243242657381	-0.07447995203961784
	872.0	45.0	80.0894873282146	0.0	708.0	92.0	7.0	4.5	1.03671627906977	0.09329767428125613	-0.06622202809906809
	873.0	188.46	80.0894873282146	0.0	708.0	92.0	7.0	5.0	1.21546046511628	-1.3357236293830401	-0.140567954320719
	874.0	439.74	80.0894873282146	0.0	708.0	92.0	7.0	5.5	1.03671627906977	-3.4136616747475186	-0.2111426147377745
	875.0	690.975	107.18800683597	0.187777777777778	708.0	90.0	8.0	6.0	7.81112093023256	2.027250359318196	-0.10901105873766004
	876.0	942.255	80.2910484786037	0.616666666666665	708.0	93.0	9.0	6.5	6.50628837209308	-0.41821488217407854	0.39285938956863387
	877.0	1193.535	220.815385461136	1.40666666666667	708.0	82.0	10.0	7.0	7.81112093023256	-0.9455086257127885	0.7615650704549402
	878.0	1381.995	314.719188505481	1.51833333333333	708.0	76.0	11.0	7.5	6.50628837209308	-4.406517513371859	0.571291529172345
	879.0	1570.5	420.298998168725	1.67611111111111	708.0	70.0	12.0	8.0	10.4207860465117	-1.5484302011956395	0.39912051796494596
	880.0	1727.505	478.723410813064	2.29388888888889	708.0	68.0	13.0	8.5	11.7971162790697	-0.5886708965112106	0.84005074308467
	881.0	1915.965	606.723492295644	2.46888888888889	708.0	62.0	14.0	9.0	13.0125767441859	0.5088635822792895	0.6380080829904238
	882.0	2198.7	715.329945364745	3.13944444444445	708.0	58.0	15.0	9.5	11.7256186046512	-0.7417819267362713	1.0056920875419126
	883.0	2387.115	798.986550159979	3.21	708.0	56.0	16.0	10.0	11.7971162790697	-0.503838794317911	0.8708149529667057
	884.0	2512.8	986.890089089391	2.63444444444445	708.0	49.0	17.0	10.5	13.0125767441859	0.9161303708310697	-0.18504101618734126
	885.0	2701.26	1236.64816712854	2.89833333333332	708.0	40.0	18.0	11.0	13.0125767441859	1.1826951608307503	-0.49055982773861206
	886.0	2826.9	1216.03736434306	2.30055555555555	708.0	41.0	18.0	11.5	13.0125767441859	1.6026354140932995	-0.8165166936121677
	887.0	2952.495	1316.52537147398	2.28388888888889	708.0	40.0	19.0	12.0	13.0125767441859	1.2961795286479596	-0.9370707885233069
	888.0	2983.905	1360.40955052311	3.18222222222222	708.0	38.0	19.0	12.5	11.7971162790697	0.3632062199008601	0.006925571823364951
	889.0	3046.725	1360.40955052311	3.19444444444445	708.0	38.0	19.0	13.0	11.636246511628	0.4013361951859604	0.13169567833342377
	890.0	3109.59	1382.35164004768	3.09166666666667	708.0	37.0	19.0	13.5	10.7604	-0.4116332628836794	0.04147047498378509
	891.0	3046.725	1494.27344896431	2.9088888888889	708.0	36.0	20.0	14.0	10.7604	-0.5117609075816887	-0.34036998965659393
	892.0	2952.495	1494.27344896431	3.63666666666668	708.0	36.0	20.0	14.5	14.2459116279064	3.053328892028551	0.47906654908063606
	893.0	2826.9	1614.08674795303	3.17055555555555	708.0	35.0	21.0	15.0	14.4067813953487	3.111237958458309	-0.192306158920454
	894.0	2669.805	1638.91885176769	3.4788888888889	708.0	34.0	21.0	15.5	13.0125767441859	1.825467579517559	0.16683238757806862
	895.0	2512.8	1688.58305939702	3.83777777777777	708.0	32.0	21.0	16.0	10.4207860465117	-0.6887687119383692	0.49074803182902116
	896.0	2198.7	1713.41516321168	3.37555555555555	708.0	31.0	21.0	16.5	13.5488093023256	2.5972980487303303	0.063125267995785
	897.0	2041.65	1713.41516321168	3.38722222222222	708.0	31.0	21.0	17.0	13.8884232558141	3.0556461684311707	0.1202020809498201
	898.0	1915.965	1688.58305939702	3.36222222222222	708.0	32.0	21.0	17.5	13.0125767441859	2.2742282448066096	0.1579592156844729
	899.0	1758.96	1688.58305939702	3.85055555555555	708.0	32.0	21.0	18.0	13.0125767441859	2.355308274324729	0.6435176867267858
	900.0	1570.5	1587.66553952458	nan	708.0	32.0	20.0	18.5	13.7096790697679	3.291626484271559	nan
	901.0	1319.22	1611.01356216465	3.7611111111111	708.0	31.0	20.0	19.0	9.11595348837206	-1.0251899230478596	0.7163344601522739
	902.0	1067.94	1540.96949424445	2.16722222222223	708.0	34.0	20.0	19.5	11.7256186046512	3.070100770517305	-0.6409844074916617
	903.0	816.615	1517.62147160438	2.93	708.0	35.0	20.0	20.0	10.9391441860465	3.0048686070011366	0.1583403090727371
	904.0	565.335	1360.40955052311	2.37166666666666	708.0	38.0	19.0	20.5	10.4207860465117	2.692827078760881	-0.1641295732465351
	905.0	282.645	1030.54013927378	0.490555555555555	708.0	50.0	18.0	21.0	9.20532558139538	3.4103307519352892	-1.109442034489531
	906.0	94.23	832.083800604781	0.295	708.0	57.0	17.0	21.5	1.28695813953487	-1.275034286427678	-0.4505700497782667
	907.0	45.0	653.71626831271	0.145555555555555	708.0	64.0	16.0	22.0	0.679227906976744	-0.787925038234907	-0.3123463378891506
	908.0	0.0	510.949960974818	0.0	708.0	70.0	15.0	22.5	0.0	0.2459410572795947	-0.2362953891603704
	909.0	0.0	399.160192299765	0.0	708.0	75.0	14.0	23.0	-0.160869767441859	0.08507128983773571	-0.1922246383199743
	910.0	0.0	322.229231929356	0.0	708.0	77.0	12.0	23.5	-0.160869767441859	0.08507128983773571	-0.1588781818561477
	911.0	0.0	262.265990421234	0.0	708.0	80.0	11.0	24.0	-0.160869767441859	0.08507128983773571	-0.1311631215496722
	912.0	0.0	196.280342632121	0.0	709.0	84.0	10.0	0.5	-0.160869767441859	0.08507128983773571	-0.09903292518066766
	913.0	0.0	184.012821217613	0.0	709.0	85.0	10.0	1.0	-0.160869767441859	0.08507128983773571	-0.0933746817087349
	914.0	0.0	149.11194717455	0.0	709.0	87.0	9.0	1.5	-0.160869767441859	0.08507128983773571	-0.07593667429138487
	915.0	0.0	137.641797391892	0.0	709.0	88.0	9.0	2.0	-0.160869767441859	0.08507128983773571	-0.07026365887257828
	916.0	0.0	117.906807519567	0.0	709.0	89.0	8.0	2.5	-0.160869767441859	0.08507128983773571	-0.0602843870385986
	917.0	0.0	85.7504054687757	0.0	709.0	92.0	8.0	3.0	-0.160869767441859	0.08507128983773571	-0.04389097190805215
	918.0	0.0	90.1006732442414	0.0	709.0	91.0	7.0	3.5	-0.160869767441859	0.08507128983773571	-0.04615468385714269
	919.0	45.0	80.0894873282146	0.0	709.0	92.0	7.0	4.0	0.0714976744186026	-0.868354175104326	-0.06620801555190226
	920.0	45.0	90.1006732442414	0.0	709.0	91.0	7.0	4.5	0.160869767441859	-0.7825885308746958	-0.07450514601179628
	921.0	157.05	80.0894873282146	0.0	709.0	92.0	7.0	5.0	1.03671627906977	-1.192895807388316	-0.1266411684690429
	922.0	314.1	80.0894873282146	0.0	709.0	92.0	7.0	5.5	3.4207860465117	-0.30426241736151693	-0.1873569323926082
	923.0	596.745	96.4692061523727	0.0	709.0	91.0	8.0	6.0	6.50628837209308	0.7624855447132868	-0.2665286229979636
	924.0	816.615	80.2910484786037	0.0	709.0	93.0	9.0	6.5	8.2787581395349	1.713028603591753	-0.2222157609192973
	925.0	1099.35	131.132995210617	0.147222222222222	709.0	90.0	11.0	7.0	7.0	-1.7626915164048587	-0.22874169838315508
	926.0	1287.765	224.159465689987	0.246666666666666	709.0	84.0	12.0	7.5	6.50628837209308	-4.567077223896109	-0.41963031402140594
	927.0	1570.5	314.162238346073	0.397777777777777	709.0	79.0	13.0	8.0	10.4207860465117	-1.8955365006802989	-0.5606561407918876
	928.0	1884.555	415.126599991756	0.560555555555555	709.0	74.0	14.0	8.5	13.0125767441859	0.30854149287931953	-0.71392378322283
	929.0	2167.245	527.981626340645	0.715	709.0	69.0	15.0	9.0	11.4575023255814	-1.3190198147608996	-0.90132142491553
	930.0	2355.75	647.203283901436	0.893333333333335	709.0	62.0	15.0	9.5	10.4207860465117	-2.135877158422609	-1.0684859937820392
	931.0	2512.8	726.351409236345	1.09166666666667	709.0	60.0	16.0	10.0	13.0125767441859	0.6072597484311295	-1.076297074903131
	932.0	2638.44	774.031442423052	1.21611111111111	709.0	60.0	17.0	10.5	10.4207860465117	-1.7820574388013188	-1.041809309964916
	933.0	2764.035	845.042914204499	nan	709.0	59.0	18.0	11.0	10.7604	-1.2417037857621303	nan
	934.0	2826.9	865.653716989975	nan	709.0	58.0	18.0	11.5	13.8884232558141	2.21013749310044	nan
	935.0	2921.13	921.567760031787	nan	709.0	58.0	19.0	12.0	10.4207860465117	-1.3325818681398793	nan
	936.0	2952.495	965.45193908092	nan	709.0	56.0	19.0	12.5	10.4207860465117	-1.3897123184822089	nan
	937.0	2952.495	1074.0090414431	nan	709.0	54.0	20.0	13.0	14.3174093023256	2.19040181844489	nan
	938.0	2983.905	1097.35706408317	nan	709.0	53.0	20.0	13.5	15.9797302325577	3.9547707582759486	nan
	939.0	2889.675	1167.40113200337	nan	709.0	50.0	20.0	14.0	7.81112093023256	-4.17100626845567	nan
	940.0	2826.9	1190.74915464344	nan	709.0	49.0	20.0	14.5	16.9270744186051	4.988062138619158	nan
	941.0	2669.805	1214.0971772835	nan	709.0	48.0	20.0	15.0	5.20145581395346	-6.722489529042969	nan
	942.0	2544.21	1214.0971772835	nan	709.0	48.0	20.0	15.5	11.7256186046512	-0.20059019252884092	nan
	943.0	2355.75	1330.83729048384	1.82722222222222	709.0	43.0	20.0	16.0	16.9270744186051	5.024179553511669	-1.2238968200474147
	944.0	2104.47	1377.53333576398	nan	709.0	41.0	20.0	16.5	nan	nan	nan
	945.0	1978.785	1354.18531312391	nan	709.0	42.0	20.0	17.0	15.9797302325577	4.401301337831509	nan
	946.0	1853.19	1307.48926784377	nan	709.0	44.0	20.0	17.5	6.0773023255814	-5.37935150551079	nan
	947.0	1696.14	1307.48926784377	nan	709.0	44.0	20.0	18.0	14.2459116279064	2.882827779267151	nan
	948.0	1570.5	1250.69910290028	1.705	709.0	43.0	19.0	18.5	11.7256186046512	0.6832863328983496	-0.992807639549159
	949.0	1319.22	1272.64119242485	nan	709.0	42.0	19.0	19.0	13.0125767441859	3.021838016319366	nan
	950.0	1099.35	1360.40955052311	nan	709.0	38.0	19.0	19.5	13.0125767441859	3.912111603985972	nan
	951.0	879.48	1338.46746099855	1.73944444444445	709.0	39.0	19.0	20.0	10.4207860465117	2.1722790458174472	-0.9276128226661862
	952.0	596.745	1250.69910290028	1.42222222222222	709.0	43.0	19.0	20.5	6.93527441860462	-1.0549283794379294	-1.0843356863596758
	953.0	376.92	1092.37254763021	nan	709.0	47.0	18.0	21.0	8.66909302325576	1.5590475595665705	nan
	954.0	125.64	909.486944847086	0.39111111111111	709.0	53.0	17.0	21.5	2.59179069767436	-0.5496665855874947	-0.5741659360314508
	955.0	45.0	726.351409236345	0.241111111111111	709.0	60.0	16.0	22.0	0.339613953488372	-1.124277943054971	-0.2638526012364311
	956.0	0.0	494.958638451709	0.0	709.0	69.0	14.0	22.5	-0.339613953488372	-0.09367289620877728	-0.227613408647362
	957.0	0.0	403.922877873523	0.0	709.0	73.0	13.0	23.0	-0.339613953488372	-0.09367289620877728	-0.1939608377713787
	958.0	0.0	308.219265323732	0.0	709.0	78.0	12.0	23.5	-0.339613953488372	-0.09367289620877728	-0.1517171504746331
	959.0	0.0	222.926091858049	0.0	709.0	83.0	11.0	24.0	-0.339613953488372	-0.09367289620877728	-0.1113910281929764
	960.0	0.0	159.477778388598	0.0	710.0	87.0	10.0	0.5	-0.339613953488372	-0.09367289620877728	-0.08044047729634392
	961.0	0.0	110.407692730568	0.0	710.0	91.0	10.0	1.0	-0.339613953488372	-0.09367289620877728	-0.05602463113245825
	962.0	0.0	114.701497826577	0.0	710.0	90.0	9.0	1.5	-0.339613953488372	-0.09367289620877728	-0.05843004101784518
	963.0	0.0	103.231348043919	0.0	710.0	91.0	9.0	2.0	-0.339613953488372	-0.09367289620877728	-0.05271383669408512
	964.0	0.0	75.0316047851788	0.0	710.0	93.0	8.0	2.5	-0.339613953488372	-0.09367289620877728	-0.03837431985591959
	965.0	0.0	91.7611982612614	0.0	710.0	92.0	9.0	3.0	-0.339613953488372	-0.09367289620877728	-0.04698212901423192
	966.0	0.0	137.641797391892	0.189444444444445	710.0	88.0	9.0	3.5	-0.339613953488372	-0.09367289620877728	0.11892288824198281
	967.0	45.0	171.745299803105	0.282777777777777	710.0	86.0	10.0	4.0	0.0714976744186026	-1.1788005686007883	0.14079594479581553
	968.0	45.0	343.490599606211	0.331666666666667	710.0	72.0	10.0	4.5	0.518358139534884	-0.73587715418889	0.047713744206480224
	969.0	157.05	393.398985631851	0.33388888888889	710.0	70.0	11.0	5.0	1.73381860465115	-1.9617449563730922	-0.287466962108996
	970.0	314.1	392.279064957477	0.335	710.0	72.0	12.0	5.5	3.4676372093023	-2.6352830267757312	-0.5794145712707881
	971.0	596.745	418.882984461431	0.139444444444445	710.0	72.0	13.0	6.0	5.20145581395346	-2.403573476092993	-1.0086597944963012
	972.0	816.615	418.882984461431	0.781666666666665	710.0	72.0	13.0	6.5	6.93527441860462	-0.8562985912549612	-0.3610498165528431
	973.0	1099.35	510.9250461437	0.87111111111111	710.0	68.0	14.0	7.0	8.66909302325576	-1.9525872390327095	-0.5638741606188841
	974.0	1319.22	558.824269219672	1.14	710.0	65.0	14.0	7.5	13.8884232558141	2.0447674575687103	-0.4817504332438931
	975.0	1601.91	681.266614633091	1.49722222222222	710.0	60.0	15.0	8.0	7.81112093023256	-4.78367134834445	-0.5041106077129891
	976.0	1758.96	817.145335390888	1.69	710.0	55.0	16.0	8.5	10.4207860465117	-2.2976384775465686	-0.6808054923424911
	977.0	1978.785	928.837730907662	1.67722222222222	710.0	52.0	17.0	9.0	11.2787581395349	-1.3744934654164886	-0.9553347771634753
	978.0	2073.015	1051.15094205925	nan	710.0	49.0	18.0	9.5	10.4207860465117	-2.0475224924764994	nan
	979.0	2355.75	1228.75701337572	nan	710.0	44.0	19.0	10.0	6.93527441860462	-5.29867060304088	nan
	980.0	2512.8	1272.64119242485	nan	710.0	42.0	19.0	10.5	8.66909302325576	-3.176653363117829	nan
	981.0	2669.805	1354.18531312391	nan	710.0	42.0	20.0	11.0	7.81112093023256	-4.40200461751539	nan
	982.0	2826.9	1424.22938104411	nan	710.0	39.0	20.0	11.5	9.11595348837206	-2.6183982610381804	nan
	983.0	2889.675	1564.42254032371	nan	710.0	37.0	21.0	12.0	10.4207860465117	-1.0139979009068085	nan
	984.0	2921.13	1636.67371525342	nan	710.0	38.0	22.0	12.5	10.4207860465117	-0.6972019118225585	nan
	985.0	2512.8	1610.27575210417	nan	710.0	39.0	22.0	13.0	9.11595348837206	-1.7390308632299494	nan
	986.0	1884.555	1583.87778895492	nan	710.0	40.0	22.0	13.5	8.66909302325576	-2.07461661927125	nan
	987.0	3141.0	1583.87778895492	nan	710.0	40.0	22.0	14.0	11.4575023255814	0.5263634005470905	nan
	988.0	2512.8	1583.87778895492	nan	710.0	40.0	22.0	14.5	7.81112093023256	-3.1937624000648395	nan
	989.0	1256.4	1557.47982580567	nan	710.0	41.0	22.0	15.0	10.4207860465117	-0.09697054790073878	nan
	990.0	1067.94	1557.47982580567	nan	710.0	41.0	22.0	15.5	9.11595348837206	-0.6407955442841224	nan
	991.0	2669.805	1583.87778895492	nan	710.0	40.0	22.0	16.0	14.3174093023256	2.7986150917620005	nan
	992.0	1005.12	1610.27575210417	nan	710.0	39.0	22.0	16.5	8.66909302325576	-0.48886179005255315	nan
	993.0	690.975	1682.96173676848	nan	710.0	40.0	23.0	17.0	8.66909302325576	-0.003228028705287045	nan
	994.0	2198.7	1682.96173676848	nan	710.0	40.0	23.0	17.5	14.3174093023256	2.9304944544578504	nan
	995.0	753.84	1654.912374489	nan	710.0	41.0	23.0	18.0	5.20145581395346	-3.2431047927239742	nan
	996.0	1727.505	1504.68389950717	nan	710.0	43.0	22.0	18.5	10.4207860465117	-0.5658395443147892	nan
	997.0	376.92	1340.93360599175	nan	710.0	46.0	21.0	19.0	1.28695813953487	-6.010898820652151	nan
	998.0	816.615	833.799401933522	0.307777777777777	710.0	62.0	19.0	19.5	5.20145581395346	-2.860794508249688	-1.321237029906611
	999.0	251.28	658.262685736991	0.102222222222222	710.0	70.0	19.0	20.0	1.37633023255808	-4.032787182767993	-0.9510207368925121
	1000.0	62.82	577.102477993316	0.0	710.0	72.0	18.0	20.5	0.0714976744186026	-1.9628314629981585	-0.4586764151402736
	1001.0	0.0	412.216055709512	0.0	710.0	80.0	18.0	21.0	-0.160869767441859	0.08507128983773571	-0.1892161053406857
	1002.0	0.0	309.612576969221	0.0	710.0	84.0	17.0	21.5	-0.160869767441859	0.08507128983773571	-0.1486662605652941
	1003.0	0.0	217.905422770903	0.0	710.0	88.0	16.0	22.0	-0.160869767441859	0.08507128983773571	-0.1073484853849083
	1004.0	0.0	136.253322926618	0.0	710.0	92.0	15.0	22.5	-0.160869767441859	0.08507128983773571	-0.06815866540991443
	1005.0	0.0	136.253322926618	0.0	710.0	92.0	15.0	23.0	-0.160869767441859	0.08507128983773571	-0.06880594294665407
	1006.0	0.0	127.731261535925	0.0	710.0	92.0	14.0	23.5	-0.160869767441859	0.08507128983773571	-0.06486805426559636
	1007.0	0.0	127.731261535925	0.0	710.0	92.0	14.0	24.0	-0.160869767441859	0.08507128983773571	-0.06509592437355807
	1008.0	0.0	119.680852703266	0.0	711.0	92.0	13.0	0.5	-0.160869767441859	0.08507128983773571	-0.06112782394353782
	1009.0	0.0	119.680852703266	0.0	711.0	92.0	13.0	1.0	-0.160869767441859	0.08507128983773571	-0.0612161193813596
	1010.0	0.0	112.079732844993	0.0	711.0	92.0	12.0	1.5	-0.160869767441859	0.08507128983773571	-0.05738257454730278
	1011.0	0.0	112.079732844993	0.0	711.0	92.0	12.0	2.0	-0.160869767441859	0.08507128983773571	-0.05742012352623264
	1012.0	0.0	112.079732844993	0.0	711.0	92.0	12.0	2.5	-0.160869767441859	0.08507128983773571	-0.05744574927905853
	1013.0	0.0	112.079732844993	0.0	711.0	92.0	12.0	3.0	-0.160869767441859	0.08507128983773571	-0.0574635406593032
	1014.0	0.0	112.079732844993	0.0	711.0	92.0	12.0	3.5	-0.160869767441859	0.08507128983773571	-0.05747607728507486
	1015.0	0.0	112.079732844993	0.0	711.0	92.0	12.0	4.0	-0.250241860465116	-0.004300803185521285	-0.05748502180903386
	1016.0	0.0	104.906396168494	0.0	711.0	92.0	11.0	4.5	-0.160869767441859	0.08507128983773571	-0.05381189497492132
	1017.0	45.0	91.793096647432	0.0	711.0	93.0	11.0	5.0	0.0714976744186026	-1.2548909215203423	-0.07595290949605038
	1018.0	45.0	91.793096647432	0.0	711.0	93.0	11.0	5.5	0.0714976744186026	-1.2582332662871463	-0.07595244387022854
	1019.0	45.0	91.793096647432	0.0	711.0	93.0	11.0	6.0	0.160869767441859	-1.171793971190462	-0.07595209549327564
	1020.0	45.0	85.8726499015527	0.0	711.0	93.0	10.0	6.5	0.339613953488372	-0.927539861804832	-0.071053113688181
	1021.0	45.0	61.3376070725376	0.0	711.0	95.0	10.0	7.0	0.607730232558142	-0.6609210839592561	-0.05075294299436265
	1022.0	45.0	73.6051284870451	0.0	711.0	94.0	10.0	7.5	0.857972093023256	-0.41124949242447595	-0.06090832797022969
	1023.0	45.0	73.6051284870451	nan	711.0	94.0	10.0	8.0	3.80725116279064	2.53871962537701	nan
	1024.0	45.0	85.8726499015527	nan	711.0	93.0	10.0	8.5	3.80725116279064	2.5409017671040592	nan
	1025.0	125.64	98.1401713160602	0.095	711.0	92.0	10.0	9.0	4.68309767441858	1.8364580805986468	-0.039918603840597006
	1026.0	314.1	110.407692730568	0.141666666666667	711.0	91.0	10.0	9.5	5.3802	-0.2115021046039267	-0.11672140222771299
	1027.0	251.28	131.132995210617	0.187222222222222	711.0	90.0	11.0	10.0	5.20145581395346	0.11020914134295978	-0.08536728902450319
	1028.0	188.46	170.472893773802	0.33111111111111	711.0	87.0	11.0	10.5	9.20532558139538	5.06288412833241	0.03219420269648493
	1029.0	251.28	157.359594252741	0.382777777777777	711.0	88.0	11.0	11.0	6.0773023255814	1.133547077952044	0.05609471079810319
	1030.0	62.82	170.472893773802	nan	711.0	87.0	11.0	11.5	2.59179069767436	0.9563117191781481	nan
	1031.0	188.46	170.472893773802	0.58111111111111	711.0	87.0	11.0	12.0	3.89662325581398	-0.10258836495481072	0.2824841163950057
	1032.0	471.105	222.926091858049	0.59611111111111	711.0	83.0	11.0	12.5	9.11595348837206	2.8452594286704977	-0.0014787933454156743
	1033.0	282.645	238.169432295611	0.518333333333335	711.0	83.0	12.0	13.0	11.1178883720931	5.8535447565433385	-0.005796679775775693
	1034.0	188.46	224.159465689987	0.384444444444445	711.0	84.0	12.0	13.5	7.81112093023256	3.6840283778817398	-0.0065809435151450435
	1035.0	157.05	210.149499084362	0.335	711.0	85.0	12.0	14.0	5.20145581395346	1.5426003448934673	0.004776569207252335
	1036.0	125.64	196.699492815926	0.423333333333332	711.0	85.0	11.0	14.5	5.20145581395346	2.240802558466646	0.1546580393637878
	1037.0	125.64	196.699492815926	0.384444444444445	711.0	85.0	11.0	15.0	6.59566046511628	3.6247570612038142	0.11557317054083377
	1038.0	94.23	209.812792336987	0.510555555555555	711.0	84.0	11.0	15.5	2.59179069767436	0.2679512266617281	0.26718786340801537
	1039.0	94.23	209.812792336987	0.33611111111111	711.0	84.0	11.0	16.0	1.28695813953487	-1.0401241572955662	0.09261042492324628
	1040.0	94.23	196.699492815926	0.28888888888889	711.0	85.0	11.0	16.5	1.03671627906977	-1.290974955249039	0.06051747133187013
	1041.0	376.92	144.246294731679	0.192777777777778	711.0	89.0	11.0	17.0	9.11595348837206	3.1078511502796475	-0.1688978469241993
	1042.0	690.975	183.586193294864	0.52222222222222	711.0	86.0	11.0	17.5	3.89662325581398	-2.760148906424438	0.01558897928362879
	1043.0	125.64	170.472893773802	0.421666666666668	711.0	87.0	11.0	18.0	4.86184186046512	1.8958409671694816	0.1886872783023444
	1044.0	45.0	183.586193294864	0.241111111111111	711.0	86.0	11.0	18.5	1.73381860465115	0.45889066053929994	0.0899598859164914
	1045.0	45.0	196.699492815926	0.268333333333333	711.0	85.0	11.0	19.0	0.857972093023256	-0.41345723516502486	0.10620651894891239
	1046.0	45.0	184.012821217613	0.287777777777777	711.0	85.0	10.0	19.5	0.339613953488372	-0.8606954274310461	0.13600228519674953
	1047.0	45.0	171.745299803105	0.258333333333332	711.0	86.0	10.0	20.0	0.679227906976744	-0.5199484767245262	0.11659886288760551
	1048.0	45.0	159.477778388598	0.219444444444444	711.0	87.0	10.0	20.5	0.160869767441859	-1.0380303087054088	0.0877760989060308
	1049.0	0.0	171.745299803105	0.161666666666666	711.0	86.0	10.0	21.0	-0.160869767441859	0.08507128983773571	0.07372266711464211
	1050.0	0.0	184.012821217613	0.190555555555556	711.0	85.0	10.0	21.5	-0.160869767441859	0.08507128983773571	0.09628610408008352
	1051.0	0.0	171.745299803105	0.21	711.0	86.0	10.0	22.0	-0.160869767441859	0.08507128983773571	0.12198900889796557
	1052.0	0.0	171.745299803105	0.170555555555555	711.0	86.0	10.0	22.5	-0.160869767441859	0.08507128983773571	0.08252358438209623
	1053.0	0.0	147.21025697409	0.0472222222222223	711.0	88.0	10.0	23.0	-0.160869767441859	0.08507128983773571	-0.02824664689158809
	1054.0	0.0	159.477778388598	0.122777777777778	711.0	87.0	10.0	23.5	-0.339613953488372	-0.09367289620877728	0.04100571435821093
	1055.0	0.0	184.012821217613	0.141111111111111	711.0	85.0	10.0	24.0	-0.339613953488372	-0.09367289620877728	0.04674921289016638
	1056.0	0.0	196.280342632121	0.112777777777778	712.0	84.0	10.0	0.5	-0.679227906976744	-0.43328684969714926	0.012122400162813199
	1057.0	0.0	184.012821217613	0.113333333333333	712.0	85.0	10.0	1.0	-0.518358139534884	-0.27241708225528927	0.01896927582808587
	1058.0	0.0	184.012821217613	0.0466666666666667	712.0	85.0	10.0	1.5	-0.518358139534884	-0.27241708225528927	-0.047699353120082645
	1059.0	0.0	184.012821217613	0.0944444444444445	712.0	85.0	10.0	2.0	-0.339613953488372	-0.09367289620877728	7.696569008527887e-05
	1060.0	0.0	171.745299803105	0.093888888888889	712.0	86.0	10.0	2.5	-0.250241860465116	-0.004300803185521285	0.005811561799210399
	1061.0	0.0	171.745299803105	0.075	712.0	86.0	10.0	3.0	-0.250241860465116	-0.004300803185521285	-0.013080133404337363
	1062.0	0.0	160.582096957208	0.056111111111111	712.0	86.0	9.0	3.5	-0.0714976744186026	0.1744433828609921	-0.026245883419921748
	1063.0	0.0	160.582096957208	0.093888888888889	712.0	86.0	9.0	4.0	-0.0714976744186026	0.1744433828609921	0.011528731967776748
	1064.0	0.0	172.052246739865	0.112222222222222	712.0	85.0	9.0	4.5	-0.0714976744186026	0.1744433828609921	0.023976688517972494
	1065.0	0.0	160.582096957208	0.141111111111111	712.0	86.0	9.0	5.0	-0.0714976744186026	0.1744433828609921	0.058748616759482924
	1066.0	45.0	172.052246739865	0.216111111111111	712.0	85.0	9.0	5.5	0.0714976744186026	-1.1044957119893364	0.07377368455040889
	1067.0	45.0	183.522396522523	0.282777777777777	712.0	84.0	9.0	6.0	1.21546046511628	0.036691580392285816	0.1309822472875085
	1068.0	45.0	194.99254630518	0.329444444444445	712.0	83.0	9.0	6.5	3.64638139534884	2.465478161236361	0.16819350709866257
	1069.0	45.0	208.547864046628	0.394444444444445	712.0	83.0	10.0	7.0	3.98599534883718	2.717873035628219	0.22201696370766738
	1070.0	45.0	229.402995653154	0.421666666666668	712.0	80.0	9.0	7.5	3.98599534883718	2.803379543005312	0.23203344436967882
	1071.0	94.23	229.402995653154	0.421666666666668	712.0	80.0	9.0	8.0	5.71981395348834	3.7302499115133783	0.15453476280524825
	1072.0	157.05	229.402995653154	0.467222222222222	712.0	80.0	9.0	8.5	5.20145581395346	2.1014302786751675	0.1049407580681268
	1073.0	471.105	240.873145435811	0.51777777777778	712.0	79.0	9.0	9.0	5.20145581395346	-0.9655467834644123	-0.12804799019481594
	1074.0	785.25	282.152992533673	0.546666666666665	712.0	77.0	10.0	9.5	10.4207860465117	3.611399598903147	-0.23120987102265578
	1075.0	1727.505	318.955556777196	0.94277777777778	712.0	74.0	10.0	10.0	14.3174093023256	3.5411078978305106	-0.03495960123508757
	1076.0	1884.555	380.28568611079	0.98388888888889	712.0	71.0	11.0	10.5	18.2319069767436	7.056105980820828	-0.17974978769678296
	1077.0	1005.12	380.28568611079	1.17055555555556	712.0	71.0	11.0	11.0	nan	nan	0.12001294819248698
	1078.0	1099.35	419.625584673975	1.22388888888889	712.0	68.0	11.0	11.5	14.4067813953487	5.852296718091935	0.04887236324624289
	1079.0	1162.17	490.348831196846	1.27222222222222	712.0	65.0	12.0	12.0	15.2826279069769	5.777451876197782	-0.11075332690536399
	1080.0	2732.67	583.444156928422	1.67388888888889	712.0	61.0	13.0	12.5	13.0125767441859	2.1076621489920697	-0.0907695518091538
	1081.0	2355.75	613.364370104239	1.57555555555556	712.0	59.0	13.0	13.0	10.4207860465117	-0.3856939096715095	-0.24442848860291
	1082.0	2952.495	628.324476692147	1.42277777777778	712.0	58.0	13.0	13.5	10.2420418604651	-0.5687426331867602	-0.423409657489662
	1083.0	314.1	654.622715371615	2.33333333333333	712.0	59.0	14.0	14.0	6.93527441860462	1.1363004565255697	0.919869640097382
	1084.0	2512.8	670.589123063606	2.33333333333333	712.0	58.0	14.0	14.5	15.9797302325577	4.861620340810909	0.38471310608710296
	1085.0	3015.36	766.424941462227	2.68166666666667	712.0	55.0	15.0	15.0	16.3193441860462	5.004942931625571	0.48415267093470016
	1086.0	628.2	766.424941462227	1.63722222222222	712.0	55.0	15.0	15.5	10.4207860465117	2.815247979670496	-0.261878868326884
	1087.0	2198.7	800.488272193882	2.12277777777778	712.0	53.0	15.0	16.0	16.8377023255808	5.535734035504479	-0.0998006761681749
	1088.0	1727.505	868.614933657191	2.29833333333334	712.0	49.0	15.0	16.5	16.8377023255808	5.66458287982333	-0.051762531581957205
	1089.0	1727.505	944.256832007248	2.04166666666667	712.0	48.0	16.0	17.0	13.0125767441859	1.8071675475479196	-0.46652392829032907
	1090.0	1915.965	944.256832007248	2.49944444444444	712.0	48.0	16.0	17.5	nan	nan	0.0352336963643709
	1091.0	1633.275	907.939261545431	1.71055555555556	712.0	50.0	16.0	18.0	nan	nan	-0.600467451073762
	1092.0	1507.68	834.551602925536	2.05722222222222	712.0	51.0	15.0	18.5	14.2459116279064	3.8404751919201807	-0.042504807272699896
	1093.0	1224.99	817.519937559709	1.90833333333334	712.0	52.0	15.0	19.0	6.50628837209308	-3.236664382446384	-0.08801542731577694
	1094.0	251.28	800.488272193882	0.946666666666665	712.0	53.0	15.0	19.5	10.4207860465117	5.417590916072609	-0.4479113276098301
	1095.0	471.105	715.329945364745	1.45	712.0	58.0	15.0	20.0	7.81112093023256	0.6581811393114654	-0.21473686704071904
	1096.0	157.05	702.521938447587	1.29166666666667	712.0	56.0	14.0	20.5	10.4207860465117	6.760676315792217	0.31827769666613404
	1097.0	62.82	638.656307679625	0.965	712.0	60.0	14.0	21.0	7.81112093023256	5.9655409274061775	0.41521633765859545
	1098.0	45.0	448.803197637248	0.287222222222222	712.0	70.0	13.0	21.5	5.20145581395346	3.8542614777964883	-0.05932556965452229
	1099.0	45.0	322.229231929356	0.0	712.0	77.0	12.0	22.0	1.28695813953487	-0.014865270103010975	-0.254632484870269
	1100.0	45.0	196.699492815926	0.0	712.0	85.0	11.0	22.5	1.03671627906977	-0.21800874501260714	-0.1578404708006946
	1101.0	45.0	208.547864046628	0.0	712.0	83.0	10.0	23.0	0.160869767441859	-1.0343059275295832	-0.1691285775836964
	1102.0	0.0	103.231348043919	0.0	712.0	91.0	9.0	23.5	-0.160869767441859	0.08507128983773571	-0.05223408534162235
	1103.0	0.0	172.052246739865	0.0	712.0	85.0	9.0	24.0	-0.160869767441859	0.08507128983773571	-0.08749501093422142
	1104.0	0.0	137.641797391892	0.0	713.0	88.0	9.0	0.5	-0.160869767441859	0.08507128983773571	-0.07019454911439298
	1105.0	0.0	114.701497826577	0.0	713.0	90.0	9.0	1.0	-0.160869767441859	0.08507128983773571	-0.05860827444995755
	1106.0	0.0	103.231348043919	0.0	713.0	91.0	9.0	1.5	-0.160869767441859	0.08507128983773571	-0.05281694731677289
	1107.0	0.0	137.641797391892	0.0933333333333335	713.0	88.0	9.0	2.0	-0.160869767441859	0.08507128983773571	0.022847536870198012
	1108.0	0.0	149.11194717455	0.14	713.0	87.0	9.0	2.5	-0.160869767441859	0.08507128983773571	0.06360048102049903
	1109.0	0.0	160.582096957208	0.14	713.0	86.0	9.0	3.0	-0.160869767441859	0.08507128983773571	0.05769586722838026
	1110.0	0.0	194.99254630518	0.187222222222222	713.0	83.0	9.0	3.5	-0.160869767441859	0.08507128983773571	0.08726007981146065
	1111.0	0.0	217.932845870496	0.28111111111111	713.0	81.0	9.0	4.0	-0.160869767441859	0.08507128983773571	0.16937932064052189
	1112.0	45.0	229.402995653154	0.375555555555555	713.0	80.0	9.0	4.5	0.339613953488372	-0.8291448028414141	0.1858513129129722
	1113.0	45.0	240.873145435811	0.518333333333335	713.0	79.0	9.0	5.0	0.857972093023256	-0.3142237740139239	0.3192052566323121
	1114.0	45.0	252.343295218469	0.75722222222222	713.0	78.0	9.0	5.5	0.857972093023256	-0.31735347808786185	0.5486713552107572
	1115.0	62.82	269.885471119166	0.76	713.0	78.0	10.0	6.0	1.73381860465115	0.14614934082319286	0.5034542845019636
	1116.0	157.05	269.885471119166	1.05111111111111	713.0	78.0	10.0	6.5	3.80725116279064	0.33200886841354693	0.624964574875735
	1117.0	942.255	269.885471119166	1.65	713.0	78.0	10.0	7.0	9.02658139534884	1.624325132351161	0.8988008580680934
	1118.0	471.105	318.955556777196	nan	713.0	74.0	10.0	7.5	nan	nan	nan
	1119.0	596.745	406.512285152913	nan	713.0	69.0	11.0	8.0	nan	nan	nan
	1120.0	785.25	462.328897985597	nan	713.0	67.0	12.0	8.5	nan	nan	nan
	1121.0	1727.505	508.643623988881	2.70166666666667	713.0	66.0	13.0	9.0	19.5367395348833	7.28612313504393	1.1676584148777551
	1122.0	2198.7	508.643623988881	3.04222222222223	713.0	66.0	13.0	9.5	19.5367395348833	7.43155596901987	1.5111454431570812
	1123.0	3141.0	622.689899987634	nan	713.0	61.0	14.0	10.0	nan	nan	nan
	1124.0	2355.75	686.555530755596	3.04222222222223	713.0	57.0	14.0	10.5	15.6222418604654	3.865058545274529	1.0239567630089943
	1125.0	1256.4	715.329945364745	2.38722222222222	713.0	58.0	15.0	11.0	13.0125767441859	2.3147162721647003	0.4328856983582672
	1126.0	376.92	766.424941462227	1.77	713.0	55.0	15.0	11.5	6.41691627906974	-0.13560650796053153	0.015534281669006056
	1127.0	471.105	630.171618535609	2.18833333333333	713.0	63.0	15.0	12.0	10.4207860465117	3.24737350262245	0.6544165130798758
	1128.0	3141.0	681.266614633091	2.47222222222222	713.0	60.0	15.0	12.5	13.8884232558141	2.86900320052775	0.525480287536042
	1129.0	2826.9	907.939261545431	2.72666666666667	713.0	50.0	16.0	13.0	7.9898651162791	-3.1173303537848795	0.15937243877589813
	1130.0	408.285	890.13615878651	1.31555555555556	713.0	54.0	17.0	13.5	10.0632976744186	2.724678986365186	-0.6888304017538971
	1131.0	628.2	817.145335390888	1.48277777777778	713.0	55.0	16.0	14.0	9.02658139534884	1.0711171214078314	-0.48410446766929005
	1132.0	157.05	732.361610730572	0.88611111111111	713.0	57.0	15.0	14.5	7.63237674418602	3.857673017949088	-0.11900897370074404
	1133.0	439.74	780.827764929071	1.08277777777778	713.0	57.0	16.0	15.0	13.8884232558141	6.63348895267091	-0.7669882625613189
	1134.0	785.25	780.827764929071	1.34555555555556	713.0	57.0	16.0	15.5	10.5816558139535	2.4330042500736138	-0.588770220019891
	1135.0	439.74	780.827764929071	2.22111111111111	713.0	57.0	16.0	16.0	nan	nan	0.3922366933645711
	1136.0	2041.65	762.668979698162	1.35	713.0	58.0	16.0	16.5	6.41691627906974	-5.00737212739234	-0.7545609458529441
	1137.0	251.28	323.601641950718	0.598333333333335	713.0	81.0	15.0	17.0	8.1507348837209	2.9401847558050775	0.007994974293382584
	1138.0	157.05	335.294561531803	0.90277777777778	713.0	79.0	14.0	17.5	10.0632976744186	6.257779462739434	0.4171141240671571
	1139.0	125.64	367.227376915784	0.795	713.0	77.0	14.0	18.0	3.80725116279064	0.540054337320127	0.31971586346491665
	1140.0	125.64	254.32181199444	0.39888888888889	713.0	83.0	13.0	18.5	6.59566046511628	3.419037161959177	0.06406534222803884
	1141.0	125.64	303.361746147822	0.605	713.0	81.0	14.0	19.0	5.20145581395346	1.9210150490348603	0.20040384861088456
	1142.0	125.64	303.361746147822	0.65888888888889	713.0	81.0	14.0	19.5	3.80725116279064	0.5274024649016029	0.25138966822921704
	1143.0	94.23	271.42893076384	0.50722222222222	713.0	83.0	14.0	20.0	2.59179069767436	-0.05262654960465207	0.19654331537741965
	1144.0	62.82	239.496115379859	0.50722222222222	713.0	85.0	14.0	20.5	5.20145581395346	3.3106070035911723	0.2824454764254114
	1145.0	31.41	255.46252307185	0.61	713.0	84.0	14.0	21.0	5.20145581395346	4.086383255289505	0.4248462930857457
	1146.0	45.0	223.529707687869	0.275	713.0	86.0	14.0	21.5	0.0	-1.43668089151388	0.09148887229138561
	1147.0	0.0	191.596892303887	0.0	713.0	88.0	14.0	22.0	-0.0714976744186026	0.1744433828609921	-0.09769820317336107
	1148.0	0.0	134.640959291174	0.0	713.0	91.0	13.0	22.5	-0.339613953488372	-0.09367289620877728	-0.06877888796165334
	1149.0	0.0	134.640959291174	0.0	713.0	91.0	13.0	23.0	-0.160869767441859	0.08507128983773571	-0.06887173486040311
	1150.0	0.0	164.561172466991	0.0	713.0	89.0	13.0	23.5	-0.160869767441859	0.08507128983773571	-0.08425168698171265
	1151.0	0.0	149.601065879083	0.0	713.0	90.0	13.0	24.0	-0.160869767441859	0.08507128983773571	-0.07663311102597113
	1152.0	0.0	112.079732844993	0.0	714.0	92.0	12.0	0.5	-0.160869767441859	0.08507128983773571	-0.05743593870538981
	1153.0	0.0	112.079732844993	nan	714.0	92.0	12.0	1.0	-0.0714976744186026	0.1744433828609921	nan
	1154.0	0.0	112.079732844993	nan	714.0	92.0	12.0	1.5	-0.0714976744186026	0.1744433828609921	nan
	1155.0	0.0	70.0498330281207	nan	714.0	95.0	12.0	2.0	-0.0714976744186026	0.1744433828609921	nan
	1156.0	0.0	52.4531980842469	nan	714.0	96.0	11.0	2.5	-0.0714976744186026	0.1744433828609921	nan
	1157.0	0.0	65.5664976053085	nan	714.0	95.0	11.0	3.0	-0.0714976744186026	0.1744433828609921	nan
	1158.0	0.0	49.0700856580302	nan	714.0	96.0	10.0	3.5	0.0	0.2459410572795947	nan
	1159.0	45.0	49.0700856580302	nan	714.0	96.0	10.0	4.0	0.339613953488372	-0.9114833946567671	nan
	1160.0	45.0	49.0700856580302	nan	714.0	96.0	10.0	4.5	0.857972093023256	-0.39711249184757	nan
	1161.0	45.0	49.0700856580302	nan	714.0	96.0	10.0	5.0	2.59179069767436	1.3330013583330351	nan
	1162.0	314.1	98.1401713160602	nan	714.0	92.0	10.0	5.5	3.80725116279064	-1.834174741084445	nan
	1163.0	596.745	104.906396168494	nan	714.0	92.0	11.0	6.0	5.55894418604654	-1.5966169373747476	nan
	1164.0	816.615	104.906396168494	0.142777777777778	714.0	92.0	11.0	6.5	7.81112093023256	0.4771612311741933	-0.1476869384748793
	1165.0	1099.35	112.079732844993	0.28611111111111	714.0	92.0	12.0	7.0	10.4207860465117	1.077274875703944	-0.03522910102719323
	1166.0	1319.22	119.680852703266	0.479444444444445	714.0	92.0	13.0	7.5	11.636246511628	-0.04200666937303055	0.121539829883193
	1167.0	1601.91	319.328153839812	0.77388888888889	714.0	80.0	14.0	8.0	13.8884232558141	1.2562883902402504	-0.20412468644751192
	1168.0	1758.96	399.160192299765	1.07444444444445	714.0	75.0	14.0	8.5	15.6222418604654	2.928636336502109	-0.15046160456949798
	1169.0	1978.785	510.949960974818	1.38111111111111	714.0	70.0	15.0	9.0	16.9270744186051	4.154083492771878	-0.18210077439365002
	1170.0	2073.015	562.0449570723	1.38611111111111	714.0	67.0	15.0	9.5	17.0164465116282	4.471342264466399	-0.314028075043953
	1171.0	2355.75	726.351409236345	1.57833333333334	714.0	60.0	16.0	10.0	14.2459116279064	1.8150561314863598	-0.5998811223626339
	1172.0	722.385	708.192624005436	2.15055555555555	714.0	61.0	16.0	10.5	7.9898651162791	-0.06971494826182933	0.3153696595125097
	1173.0	1260.0	793.382228483628	2.21111111111111	714.0	59.0	17.0	11.0	7.9898651162791	-3.0076376549596997	0.03873675698120804
	1174.0	2198.7	793.382228483628	1.58944444444445	714.0	59.0	17.0	11.5	14.9251395348833	3.36574628932655	-0.6514740762308509
	1175.0	251.28	851.434586665357	1.80222222222222	714.0	56.0	17.0	12.0	5.20145581395346	-0.1704077777939057	0.23151055644862795
	1176.0	879.48	832.083800604781	1.84	714.0	57.0	17.0	12.5	8.66909302325576	-0.0925529879598308	-0.22540581818640493
	1177.0	1444.815	812.733014544205	1.27444444444445	714.0	58.0	17.0	13.0	nan	nan	-0.910676224052815
	1178.0	1758.96	715.979084241323	1.55611111111111	714.0	63.0	17.0	13.5	13.0125767441859	1.8649192588396506	-0.3758360068467541
	1179.0	235.53	696.628298180747	1.50444444444445	714.0	64.0	17.0	14.0	7.81112093023256	2.671273817413769	0.28179941127348695
	1180.0	1413.45	793.382228483628	1.49888888888889	714.0	59.0	17.0	14.5	10.4207860465117	-0.5149907612522089	-0.6527932581856501
	1181.0	502.56	927.486125346401	1.48777777777778	714.0	55.0	18.0	15.0	11.636246511628	3.29758464949143	-0.7312364804099507
	1182.0	1193.535	989.318533702828	1.88388888888889	714.0	52.0	18.0	15.5	17.3560604651167	6.866257688433139	-0.631093897130772
	1183.0	942.255	968.707730917352	1.16277777777778	714.0	53.0	18.0	16.0	10.4207860465117	1.1344043124231042	-1.130004454446435
	1184.0	188.46	870.785372725933	1.42555555555556	714.0	55.0	17.0	16.5	nan	nan	0.14159498870095688
	1185.0	219.87	906.875322560926	1.52666666666667	714.0	56.0	18.0	17.0	10.4207860465117	5.341903787305408	0.0021821528277770064
	1186.0	141.3	906.875322560926	1.48722222222222	714.0	56.0	18.0	17.5	6.41691627906974	2.6512526530044673	0.30147316938284496
	1187.0	376.92	886.26451977545	1.33944444444445	714.0	57.0	18.0	18.0	5.55894418604654	-1.7623075233856769	-0.6762723226715099
	1188.0	125.64	886.26451977545	1.29333333333334	714.0	57.0	18.0	18.5	3.98599534883718	0.5310929339147479	0.205311383415953
	1189.0	219.87	886.26451977545	0.99277777777778	714.0	57.0	18.0	19.0	2.59179069767436	-2.4854958620276695	-0.5677771687997459
	1190.0	62.82	886.26451977545	0.688333333333335	714.0	57.0	18.0	19.5	1.73381860465115	-0.37610529001916326	-0.08191847540209507
	1191.0	45.0	865.653716989975	0.888333333333335	714.0	58.0	18.0	20.0	3.98599534883718	2.364821911392206	0.21973513510427867
	1192.0	45.0	774.031442423052	0.98888888888889	714.0	60.0	17.0	20.5	3.80725116279064	2.2334743451903	0.3811826603249543
	1193.0	45.0	735.329870301899	0.79111111111111	714.0	62.0	17.0	21.0	1.28695813953487	-0.2921828224587242	0.2069826915002012
	1194.0	45.0	677.27751212017	0.493333333333333	714.0	65.0	17.0	21.5	0.857972093023256	-0.725230483752653	-0.04904608101447422
	1195.0	45.0	599.874367877865	0.246111111111111	714.0	69.0	17.0	22.0	0.518358139534884	-1.0686269377836881	-0.23719025913479969
	1196.0	0.0	508.445986465441	0.196666666666666	714.0	72.0	16.0	22.5	0.0	0.2459410572795947	-0.058548346989120204
	1197.0	0.0	453.969630772716	0.147222222222222	714.0	75.0	16.0	23.0	-0.0714976744186026	0.1744433828609921	-0.08202169307646659
	1198.0	0.0	391.728303414027	0.0983333333333335	714.0	77.0	15.0	23.5	-0.0714976744186026	0.1744433828609921	-0.10029942771211361
	1199.0	0.0	408.759968779854	0.0983333333333335	714.0	76.0	15.0	24.0	-0.0714976744186026	0.1744433828609921	-0.109552810133904
	1200.0	0.0	238.443315121582	0.0	715.0	86.0	15.0	0.5	-0.0714976744186026	0.1744433828609921	-0.1214971755496434
	1201.0	0.0	357.664972682373	0.0	715.0	79.0	15.0	1.0	-0.0714976744186026	0.1744433828609921	-0.1825905597497803
	1202.0	0.0	221.411649755754	0.0	715.0	87.0	15.0	1.5	-0.0714976744186026	0.1744433828609921	-0.1131309939120847
	1203.0	0.0	221.411649755754	0.0	715.0	87.0	15.0	2.0	-0.0714976744186026	0.1744433828609921	-0.1132461105718221
	1204.0	0.0	187.3483190241	0.0	715.0	89.0	15.0	2.5	-0.0714976744186026	0.1744433828609921	-0.09589004766224282
	1205.0	0.0	153.284988292445	0.0	715.0	91.0	15.0	3.0	-0.0714976744186026	0.1744433828609921	-0.07849991119844447
	1206.0	0.0	153.284988292445	0.0	715.0	91.0	15.0	3.5	-0.0714976744186026	0.1744433828609921	-0.07853706902186915
	1207.0	0.0	170.316653658273	0.0	715.0	90.0	15.0	4.0	-0.0714976744186026	0.1744433828609921	-0.0872922122381408
	1208.0	0.0	143.697669227916	0.0	715.0	91.0	14.0	4.5	-0.0714976744186026	0.1744433828609921	-0.0736637888505477
	1209.0	0.0	95.7984461519436	0.0	715.0	94.0	14.0	5.0	-0.0714976744186026	0.1744433828609921	-0.04911883459574035
	1210.0	0.0	95.7984461519436	0.0	715.0	94.0	14.0	5.5	-0.0714976744186026	0.1744433828609921	-0.04913027653175329
	1211.0	0.0	79.832038459953	0.0	715.0	95.0	14.0	6.0	-0.0714976744186026	0.1744433828609921	-0.04094866808126609
	1212.0	45.0	79.832038459953	0.0	715.0	95.0	14.0	6.5	0.160869767441859	-1.339594787689267	-0.066057276193178
	1213.0	45.0	79.832038459953	0.0	715.0	95.0	14.0	7.0	1.73381860465115	0.2319707134559179	-0.06605873507026365
	1214.0	45.0	79.832038459953	0.0	715.0	95.0	14.0	7.5	1.37633023255808	-0.12600345695402315	-0.06605981838178204
	1215.0	157.05	47.8992230759719	nan	715.0	97.0	14.0	8.0	2.59179069767436	-1.586391816198558	nan
	1216.0	1099.35	47.8992230759719	nan	715.0	97.0	14.0	8.5	4.86184186046512	-5.787300166947849	nan
	1217.0	314.1	47.8992230759719	0.158333333333333	715.0	97.0	14.0	9.0	3.80725116279064	-2.654081481844354	0.04624018855292099
	1218.0	942.255	63.8656307679625	0.21	715.0	96.0	14.0	9.5	nan	nan	0.031718144165701706
	1219.0	533.97	85.1583268291362	0.316666666666668	715.0	95.0	15.0	10.0	1.73381860465115	-6.046749715586197	0.08323350462190168
	1220.0	2512.8	85.1583268291362	nan	715.0	95.0	15.0	10.5	nan	nan	nan
	1221.0	376.92	119.221657560791	0.37	715.0	93.0	15.0	11.0	2.43092093023256	-4.390908958718164	0.07043468758832472
	1222.0	785.25	136.253322926618	0.58388888888889	715.0	92.0	15.0	11.5	3.11014883720936	-4.694943629586206	0.20710233930152083
	1223.0	408.285	163.429067078178	0.482222222222222	715.0	91.0	16.0	12.0	1.55507441860462	-5.530780352880854	0.06124756827491368
	1224.0	2041.65	181.587852309086	0.377222222222222	715.0	90.0	16.0	12.5	4.68309767441858	-6.827481076761121	-0.18544392862567172
	1225.0	2198.7	181.587852309086	0.378333333333332	715.0	90.0	16.0	13.0	nan	nan	-0.18521213073053228
	1226.0	2449.98	199.746637539995	1.37666666666667	715.0	89.0	16.0	13.5	11.636246511628	0.0708566700733897	0.7540664604437783
	1227.0	628.2	254.222993232721	1.43333333333334	715.0	86.0	16.0	14.0	1.28695813953487	-6.6822007213283285	0.7354120181597419
	1228.0	45.0	72.6351409236345	nan	715.0	96.0	16.0	14.5	2.59179069767436	1.0468080703612221	nan
	1229.0	1727.505	77.4031442423053	0.22	715.0	96.0	17.0	15.0	13.1913209302321	1.2670702893282808	-0.01757480309475709
	1230.0	45.0	154.80628848461	nan	715.0	92.0	17.0	15.5	1.73381860465115	0.1235763797772238	nan
	1231.0	251.28	154.80628848461	0.54111111111111	715.0	92.0	17.0	16.0	5.20145581395346	-0.5069279794947681	0.22051988975198766
	1232.0	1130.715	212.858646666339	0.81222222222222	715.0	89.0	17.0	16.5	9.02658139534884	-1.7376954031901697	0.19984862035346118
	1233.0	628.2	309.612576969221	0.96277777777778	715.0	84.0	17.0	17.0	7.81112093023256	-0.5845809476355015	0.1105222379077021
	1234.0	188.46	367.66493515095	1.06388888888889	715.0	81.0	17.0	17.5	4.86184186046512	0.14751066024951331	0.4252933167011319
	1235.0	785.25	425.717293332678	0.948333333333335	715.0	78.0	17.0	18.0	6.2381720930232	-2.3411489961809373	-0.21723133079447488
	1236.0	251.28	363.175704618172	1.15444444444445	715.0	80.0	16.0	18.5	2.59179069767436	-2.873263769579846	0.4133692226339505
	1237.0	1413.45	490.287201234533	1.24277777777778	715.0	73.0	16.0	19.0	nan	nan	-0.21535109999594804
	1238.0	94.23	417.652060310898	1.02388888888889	715.0	77.0	16.0	19.5	1.21546046511628	-1.5648733532912629	0.5516467915164979
	1239.0	31.41	381.334489849081	0.81611111111111	715.0	79.0	16.0	20.0	0.857972093023256	-0.309692002551193	0.5434879093421463
	1240.0	45.0	374.6966380482	0.75888888888889	715.0	78.0	15.0	20.5	0.679227906976744	-0.805719334315044	0.45424498383462036
	1241.0	45.0	357.664972682373	0.60722222222222	715.0	79.0	15.0	21.0	0.607730232558142	-0.8791913830292379	0.3152652811170059
	1242.0	45.0	303.361746147822	0.55222222222222	715.0	81.0	14.0	21.5	0.160869767441859	-1.2742718976339802	0.30390295122508676
	1243.0	0.0	271.42893076384	0.452222222222223	715.0	83.0	14.0	22.0	-0.160869767441859	0.08507128983773571	0.31416105182398213
	1244.0	0.0	224.401598818624	0.35	715.0	85.0	13.0	22.5	-0.339613953488372	-0.09367289620877728	0.23558681803787968
	1245.0	0.0	194.481385642807	0.149444444444444	715.0	87.0	13.0	23.0	-0.518358139534884	-0.27241708225528927	0.05011516472340434
	1246.0	0.0	164.561172466991	0.0	715.0	89.0	13.0	23.5	-0.339613953488372	-0.09367289620877728	-0.08415169515082863
	1247.0	0.0	104.720746115358	0.0	715.0	93.0	13.0	24.0	-0.339613953488372	-0.09367289620877728	-0.05359985171071027
	1248.0	0.0	98.0697662393691	0.0	716.0	93.0	12.0	0.5	-0.339613953488372	-0.09367289620877728	-0.0502339856885452
	1249.0	0.0	70.0498330281207	0.0	716.0	95.0	12.0	1.0	-0.160869767441859	0.08507128983773571	-0.03590047275183558
	1250.0	0.0	42.0298998168725	0.0	716.0	97.0	12.0	1.5	-0.0714976744186026	0.1744433828609921	-0.02154936565238216
	1251.0	0.0	42.0298998168725	0.0	716.0	97.0	12.0	2.0	-0.0714976744186026	0.1744433828609921	-0.02155676191909778
	1252.0	0.0	42.0298998168725	0.0	716.0	97.0	12.0	2.5	-0.0714976744186026	0.1744433828609921	-0.02156188035596238
	1253.0	0.0	42.0298998168725	0.0	716.0	97.0	12.0	3.0	-0.0714976744186026	0.1744433828609921	-0.02156547697481045
	1254.0	0.0	26.2265990421235	0.0	716.0	98.0	11.0	3.5	-0.0714976744186026	0.1744433828609921	-0.01345842515940156
	1255.0	0.0	28.0199332112484	0.0	716.0	98.0	12.0	4.0	-0.0714976744186026	0.1744433828609921	-0.01438026373513436
	1256.0	0.0	28.0199332112484	0.0	716.0	98.0	12.0	4.5	-0.0714976744186026	0.1744433828609921	-0.01438135716128019
	1257.0	0.0	28.0199332112484	0.0	716.0	98.0	12.0	5.0	-0.0714976744186026	0.1744433828609921	-0.01438215135177508
	1258.0	0.0	28.0199332112484	0.0	716.0	98.0	12.0	5.5	-0.0714976744186026	0.1744433828609921	-0.01438273202937805
	1259.0	0.0	28.0199332112484	0.0	716.0	98.0	12.0	6.0	-0.0714976744186026	0.1744433828609921	-0.01438315879712183
	1260.0	45.0	28.0199332112484	0.0	716.0	98.0	12.0	6.5	0.160869767441859	-1.2304298848511062	-0.02319962765147638
	1261.0	45.0	29.9202131758165	0.0	716.0	98.0	13.0	7.0	1.28695813953487	-0.16128492317434806	-0.02477282222353007
	1262.0	45.0	29.9202131758165	0.0	716.0	98.0	13.0	7.5	2.59179069767436	1.143061234048222	-0.02477258463782474
	1263.0	45.0	31.9328153839813	0.0	716.0	98.0	14.0	8.0	1.03671627906977	-0.4653310971890501	-0.0264387380913861
	1264.0	45.0	31.9328153839813	0.0	716.0	98.0	14.0	8.5	1.37633023255808	-0.12369015946676498	-0.0264384765792643
	1265.0	94.23	31.9328153839813	0.0	716.0	98.0	14.0	9.0	3.4676372093023	0.6869891366459648	-0.03725149938070717
	1266.0	345.465	14.9601065879083	0.0	716.0	99.0	13.0	9.5	5.20145581395346	-1.3038177615865054	-0.03635281936499337
	1267.0	439.74	14.9601065879083	0.0	716.0	99.0	13.0	10.0	7.81112093023256	0.7698177987665717	-0.03948552128320834
	1268.0	1005.12	29.9202131758165	0.0	716.0	98.0	13.0	10.5	9.02658139534884	0.23396635866869175	-0.08444487906845734
	1269.0	376.92	47.8992230759719	0.0	716.0	97.0	14.0	11.0	7.81112093023256	1.1589625501167893	-0.1205988184803598
	1270.0	188.46	47.8992230759719	0.196111111111111	716.0	97.0	14.0	11.5	5.20145581395346	0.7544952178100557	0.11198979591313771
	1271.0	188.46	47.8992230759719	0.146111111111111	716.0	97.0	14.0	12.0	6.41691627906974	2.016610162154585	0.06199526462900959
	1272.0	251.28	47.8992230759719	nan	716.0	97.0	14.0	12.5	7.81112093023256	2.5758886543563966	nan
	1273.0	502.56	47.8992230759719	0.243333333333333	716.0	97.0	14.0	13.0	4.32560930232564	-2.7402513311163377	0.11326712992647342
	1274.0	533.97	47.8992230759719	0.097777777777778	716.0	97.0	14.0	13.5	5.20145581395346	-1.9651093544405054	-0.03356674136117731
	1275.0	314.1	63.8656307679625	0.295555555555555	716.0	96.0	14.0	14.0	9.36619534883718	3.402613929657793	0.1461304812458142
	1276.0	753.84	63.8656307679625	0.146111111111111	716.0	96.0	14.0	14.5	6.41691627906974	-1.007362392659183	-0.030799125325973203
	1277.0	219.87	79.832038459953	0.246111111111111	716.0	95.0	14.0	15.0	4.86184186046512	-0.06076234189551322	0.09216505495091881
	1278.0	1727.505	95.7984461519436	0.147777777777778	716.0	94.0	14.0	15.5	nan	nan	-0.14821174332752218
	1279.0	628.2	79.832038459953	0.15	716.0	95.0	14.0	16.0	4.32560930232564	-3.1170873085599533	-0.07089837192246762
	1280.0	125.64	63.8656307679625	0.200555555555555	716.0	96.0	14.0	16.5	3.80725116279064	0.4326885389243129	0.11293044534697973
	1281.0	188.46	63.8656307679625	0.200555555555555	716.0	96.0	14.0	17.0	1.28695813953487	-3.188422130454681	0.08856564568154979
	1282.0	62.82	79.832038459953	0.1	716.0	95.0	14.0	17.5	0.679227906976744	-1.235064870619108	0.024092961453577574
	1283.0	45.0	63.8656307679625	0.1	716.0	96.0	14.0	18.0	0.518358139534884	-0.933594666750345	0.047200495619747374
	1284.0	45.0	63.8656307679625	0.05	716.0	96.0	14.0	18.5	0.160869767441859	-1.287434043916429	-0.0028162902182851876
	1285.0	0.0	63.8656307679625	0.0	716.0	96.0	14.0	19.0	-0.0714976744186026	0.1744433828609921	-0.03275274178685308
	1286.0	0.0	63.8656307679625	0.0	716.0	96.0	14.0	19.5	-0.0714976744186026	0.1744433828609921	-0.03276027007047078
	1287.0	0.0	47.8992230759719	0.0	716.0	97.0	14.0	20.0	-0.0714976744186026	0.1744433828609921	-0.02457419196373909
	1288.0	0.0	31.9328153839813	0.0	716.0	98.0	14.0	20.5	-0.0714976744186026	0.1744433828609921	-0.01638512402330324
	1289.0	0.0	31.9328153839813	0.0	716.0	98.0	14.0	21.0	-0.0714976744186026	0.1744433828609921	-0.01638720071072186
	1290.0	0.0	31.9328153839813	0.0	716.0	98.0	14.0	21.5	-0.160869767441859	0.08507128983773571	-0.01638868947202482
	1291.0	0.0	31.9328153839813	0.0	716.0	98.0	14.0	22.0	-0.160869767441859	0.08507128983773571	-0.0163897667242117
	1292.0	0.0	44.8803197637248	0.0	716.0	97.0	13.0	22.5	-0.518358139534884	-0.27241708225528927	-0.02303627809802385
	1293.0	0.0	29.9202131758165	0.0	716.0	98.0	13.0	23.0	-0.518358139534884	-0.27241708225528927	-0.01535777805807072
	1294.0	0.0	29.9202131758165	0.0	716.0	98.0	13.0	23.5	-0.518358139534884	-0.27241708225528927	-0.01535829215201545
	1295.0	0.0	44.8803197637248	0.0	716.0	97.0	13.0	24.0	-0.518358139534884	-0.27241708225528927	-0.02303800649668493
	1296.0	0.0	59.8404263516331	nan	717.0	96.0	13.0	0.5	-0.160869767441859	0.08507128983773571	nan
	1297.0	0.0	59.8404263516331	nan	717.0	96.0	13.0	1.0	-0.160869767441859	0.08507128983773571	nan
	1298.0	0.0	59.8404263516331	nan	717.0	96.0	13.0	1.5	-0.160869767441859	0.08507128983773571	nan
	1299.0	0.0	59.8404263516331	nan	717.0	96.0	13.0	2.0	-0.160869767441859	0.08507128983773571	nan
	1300.0	0.0	59.8404263516331	nan	717.0	96.0	13.0	2.5	-0.0714976744186026	0.1744433828609921	nan
	1301.0	0.0	44.8803197637248	nan	717.0	97.0	13.0	3.0	-0.0714976744186026	0.1744433828609921	nan
	1302.0	0.0	42.0298998168725	nan	717.0	97.0	12.0	3.5	-0.0714976744186026	0.1744433828609921	nan
	1303.0	0.0	42.0298998168725	nan	717.0	97.0	12.0	4.0	-0.0714976744186026	0.1744433828609921	nan
	1304.0	0.0	42.0298998168725	nan	717.0	97.0	12.0	4.5	0.0	0.2459410572795947	nan
	1305.0	0.0	42.0298998168725	nan	717.0	97.0	12.0	5.0	0.0	0.2459410572795947	nan
	1306.0	45.0	42.0298998168725	nan	717.0	97.0	12.0	5.5	0.0714976744186026	-1.3146375259068432	nan
	1307.0	45.0	42.0298998168725	nan	717.0	97.0	12.0	6.0	0.679227906976744	-0.709776860588069	nan
	1308.0	45.0	39.3398985631852	nan	717.0	97.0	11.0	6.5	1.28695813953487	-0.04838525823885709	nan
	1309.0	45.0	28.0199332112484	nan	717.0	98.0	12.0	7.0	1.55507441860462	0.16238216439831699	nan
	1310.0	45.0	14.0099666056242	nan	717.0	99.0	12.0	7.5	1.55507441860462	0.16186431318543693	nan
	1311.0	45.0	14.0099666056242	nan	717.0	99.0	12.0	8.0	2.59179069767436	1.1992430746323002	nan
	1312.0	45.0	14.0099666056242	nan	717.0	99.0	12.0	8.5	1.28695813953487	-0.10346099219498517	nan
	1313.0	31.41	14.0099666056242	nan	717.0	99.0	12.0	9.0	2.7705348837209	1.668585278882503	nan
	1314.0	62.82	28.0199332112484	nan	717.0	98.0	12.0	9.5	3.4676372093023	1.6964833365148138	nan
	1315.0	157.05	28.0199332112484	nan	717.0	98.0	12.0	10.0	3.89662325581398	0.07144885729339823	nan
	1316.0	251.28	28.0199332112484	nan	717.0	98.0	12.0	10.5	3.89662325581398	-1.3034768327531938	nan
	1317.0	188.46	28.0199332112484	nan	717.0	98.0	12.0	11.0	5.20145581395346	0.9502189936851471	nan
	1318.0	125.64	28.0199332112484	nan	717.0	98.0	12.0	11.5	1.89468837209308	-1.228779415061967	nan
	1319.0	282.645	28.0199332112484	nan	717.0	98.0	12.0	12.0	2.43092093023256	-2.884331278243523	nan
	1320.0	439.74	28.0199332112484	nan	717.0	98.0	12.0	12.5	2.59179069767436	-3.7808565723258476	nan
	1321.0	282.645	29.9202131758165	nan	717.0	98.0	13.0	13.0	3.89662325581398	-1.5370389419133725	nan
	1322.0	314.1	29.9202131758165	nan	717.0	98.0	13.0	13.5	5.20145581395346	-0.5738696428534613	nan
	1323.0	376.92	29.9202131758165	nan	717.0	98.0	13.0	14.0	5.3802	-0.9101412403694491	nan
	1324.0	376.92	29.9202131758165	nan	717.0	98.0	13.0	14.5	5.20145581395346	-1.1272313780868304	nan
	1325.0	314.1	29.9202131758165	nan	717.0	98.0	13.0	15.0	5.20145581395346	-0.6741296951417635	nan
	1326.0	251.28	29.9202131758165	nan	717.0	98.0	13.0	15.5	5.55894418604654	0.33354836197359994	nan
	1327.0	125.64	29.9202131758165	nan	717.0	98.0	13.0	16.0	5.20145581395346	1.9327049291349172	nan
	1328.0	62.82	29.9202131758165	nan	717.0	98.0	13.0	16.5	3.55700930232564	1.727258506552291	nan
	1329.0	45.0	44.8803197637248	nan	717.0	97.0	13.0	17.0	2.7705348837209	1.367347003008661	nan
	1330.0	973.71	59.8404263516331	nan	717.0	96.0	13.0	17.5	2.7705348837209	-5.626456892110257	nan
	1331.0	1036.485	63.8656307679625	nan	717.0	96.0	14.0	18.0	5.3802	-4.130041666992364	nan
	1332.0	942.255	175.630484611897	nan	717.0	89.0	14.0	18.5	6.0773023255814	-2.4834451895381875	nan
	1333.0	219.87	287.395338455831	nan	717.0	82.0	14.0	19.0	7.81112093023256	2.9612476081946966	nan
	1334.0	31.41	207.563299995878	nan	717.0	87.0	14.0	19.5	1.03671627906977	-0.08348052945053608	nan
	1335.0	376.92	134.640959291174	nan	717.0	91.0	13.0	20.0	5.3802	-0.8402122563957395	nan
	1336.0	251.28	84.0597996337449	nan	717.0	94.0	12.0	20.5	3.11014883720936	-1.8164533788015902	nan
	1337.0	157.05	70.0498330281207	nan	717.0	95.0	12.0	21.0	6.2381720930232	2.6041359578277024	nan
	1338.0	471.105	56.0398664224967	nan	717.0	96.0	12.0	21.5	0.339613953488372	-6.140743300543679	nan
	1339.0	62.82	70.0498330281207	nan	717.0	95.0	12.0	22.0	0.0	-1.715130707175176	nan
	1340.0	0.0	84.0597996337449	nan	717.0	94.0	12.0	22.5	0.0	0.2459410572795947	nan
	1341.0	0.0	65.5664976053085	nan	717.0	95.0	11.0	23.0	0.0	0.2459410572795947	nan
	1342.0	0.0	49.0700856580302	nan	717.0	96.0	10.0	23.5	0.0	0.2459410572795947	nan
	1343.0	0.0	49.0700856580302	nan	717.0	96.0	10.0	24.0	0.0	0.2459410572795947	nan
	1344.0	0.0	34.4104493479731	nan	718.0	97.0	9.0	0.5	-0.160869767441859	0.08507128983773571	nan
	1345.0	0.0	34.4104493479731	nan	718.0	97.0	9.0	1.0	-0.160869767441859	0.08507128983773571	nan
	1346.0	0.0	32.1564020507909	nan	718.0	97.0	8.0	1.5	-0.160869767441859	0.08507128983773571	nan
	1347.0	0.0	32.1564020507909	nan	718.0	97.0	8.0	2.0	-0.160869767441859	0.08507128983773571	nan
	1348.0	0.0	20.0223718320537	nan	718.0	98.0	7.0	2.5	-0.160869767441859	0.08507128983773571	nan
	1349.0	0.0	20.0223718320537	nan	718.0	98.0	7.0	3.0	-0.160869767441859	0.08507128983773571	nan
	1350.0	0.0	30.0335577480805	nan	718.0	97.0	7.0	3.5	-0.0714976744186026	0.1744433828609921	nan
	1351.0	0.0	30.0335577480805	nan	718.0	97.0	7.0	4.0	-0.0714976744186026	0.1744433828609921	nan
	1352.0	45.0	18.6902204680053	nan	718.0	98.0	6.0	4.5	0.160869767441859	-0.6481162439526054	nan
	1353.0	45.0	30.0335577480805	nan	718.0	97.0	7.0	5.0	1.73381860465115	0.7864341661250959	nan
	1354.0	45.0	30.0335577480805	nan	718.0	97.0	7.0	5.5	2.59179069767436	1.6414881482402077	nan
	1355.0	251.28	32.1564020507909	nan	718.0	97.0	8.0	6.0	3.89662325581398	-0.02343470376200374	nan
	1356.0	376.92	34.4104493479731	nan	718.0	97.0	9.0	6.5	4.32560930232564	-1.433205373612081	nan
	1357.0	628.2	24.5350428290151	nan	718.0	98.0	10.0	7.0	5.20145581395346	-1.7128332395827774	nan
	1358.0	816.615	26.2265990421235	nan	718.0	98.0	11.0	7.5	5.20145581395346	-2.160900886158804	nan
	1359.0	1099.35	28.0199332112484	nan	718.0	98.0	12.0	8.0	6.50628837209308	-2.83796798201491	nan
	1360.0	1256.4	14.0099666056242	nan	718.0	99.0	12.0	8.5	14.2459116279064	3.37625166147561	nan
	1361.0	1539.045	209.441492230716	nan	718.0	86.0	13.0	9.0	13.0125767441859	0.8694547771259593	nan
	1362.0	1601.91	314.162238346073	nan	718.0	79.0	13.0	9.5	13.0125767441859	0.9276682422287106	nan
	1363.0	1978.785	494.958638451709	nan	718.0	69.0	14.0	10.0	15.6222418604654	3.3684966530646694	nan
	1364.0	314.1	545.013291706472	nan	718.0	68.0	15.0	10.5	5.20145581395346	-1.125613724860532	nan
	1365.0	2355.75	715.329945364745	nan	718.0	58.0	15.0	11.0	10.4207860465117	-1.4245087365042188	nan
	1366.0	2418.57	800.488272193882	nan	718.0	53.0	15.0	11.5	14.7642697674423	3.2730840434783897	nan
	1367.0	2512.8	944.256832007248	2.51444444444445	718.0	48.0	16.0	12.0	10.4207860465117	-0.90481724996053	-0.22649508246629724
	1368.0	2983.905	1025.59166121054	3.19777777777777	718.0	47.0	17.0	12.5	13.0125767441859	1.7510406891983799	0.33556907832883187
	1369.0	1256.4	1006.24087514997	2.97722222222222	718.0	48.0	17.0	13.0	4.32560930232564	-5.81585087283643	0.44081283089758294
	1370.0	753.84	889.780476314522	2.87055555555555	718.0	51.0	16.0	13.5	4.32560930232564	-3.6515315749464996	0.8178091496323732
	1371.0	2983.905	909.486944847086	3.0538888888889	718.0	53.0	17.0	14.0	13.0125767441859	1.8853787233012103	0.657992164914269
	1372.0	565.335	928.837730907662	2.75333333333332	718.0	52.0	17.0	14.5	5.20145581395346	-2.9253115580847613	0.633006913873916
	1373.0	2575.575	989.318533702828	2.53944444444445	718.0	52.0	18.0	15.0	7.81112093023256	-3.6617963860533003	-0.04806007310476401
	1374.0	2387.115	989.318533702828	2.84944444444445	718.0	52.0	18.0	15.5	10.4207860465117	-1.0345647375707596	0.32066896268287026
	1375.0	942.255	968.707730917352	3.0538888888889	718.0	53.0	18.0	16.0	6.2381720930232	-2.8526651143723907	0.876784022834368
	1376.0	2575.575	890.13615878651	2.89333333333332	718.0	54.0	17.0	16.5	9.02658139534884	-2.2350201540291597	0.6190016210878753
	1377.0	628.2	890.13615878651	2.51166666666667	718.0	54.0	17.0	17.0	6.41691627906974	-1.8369363748617076	0.5039263146832598
	1378.0	785.25	890.13615878651	2.47722222222222	718.0	54.0	17.0	17.5	6.41691627906974	-1.953314935900929	0.43947092229638285
	1379.0	1727.505	870.785372725933	2.51166666666667	718.0	55.0	17.0	18.0	9.11595348837206	-2.01419614081672	0.26696417435246067
	1380.0	439.74	832.083800604781	2.20555555555555	718.0	57.0	17.0	18.5	5.20145581395346	-2.4057027395381914	0.3818555820215419
	1381.0	1193.535	793.382228483628	2.31	718.0	59.0	17.0	19.0	nan	nan	0.346682066156909
	1382.0	785.25	754.680656362476	1.96055555555556	718.0	61.0	17.0	19.5	1.28695813953487	-7.008111974655775	0.1813370410133941
	1383.0	314.1	715.979084241323	1.70722222222222	718.0	63.0	17.0	20.0	1.21546046511628	-4.93104401434439	0.26414025552395093
	1384.0	62.82	599.239912619985	1.51777777777778	718.0	67.0	16.0	20.5	1.37633023255808	-0.5844106364332471	1.0157688834973018
	1385.0	0.0	562.922342158167	nan	718.0	69.0	16.0	21.0	-0.0714976744186026	0.1744433828609921	nan
	1386.0	0.0	391.728303414027	0.59	718.0	77.0	15.0	21.5	-0.0714976744186026	0.1744433828609921	0.39935565154675834
	1387.0	0.0	323.601641950718	0.28888888888889	718.0	81.0	15.0	22.0	-0.0714976744186026	0.1744433828609921	0.12835854256251103
	1388.0	0.0	239.496115379859	0.0	718.0	85.0	14.0	22.5	-0.0714976744186026	0.1744433828609921	-0.1202064903187177
	1389.0	0.0	179.521279054899	0.0	718.0	88.0	13.0	23.0	-0.0714976744186026	0.1744433828609921	-0.0907854451539294
	1390.0	0.0	140.099666056242	0.0	718.0	90.0	12.0	23.5	-0.0714976744186026	0.1744433828609921	-0.07119748762021572
	1391.0	0.0	126.089699450617	0.0	718.0	91.0	12.0	24.0	-0.0714976744186026	0.1744433828609921	-0.06428340823214808
	1392.0	0.0	91.793096647432	0.0	719.0	93.0	11.0	0.5	-0.0714976744186026	0.1744433828609921	-0.04689541871923926
	1393.0	0.0	78.6797971263702	0.0	719.0	94.0	11.0	1.0	-0.0714976744186026	0.1744433828609921	-0.04025389746205953
	1394.0	0.0	85.8726499015527	0.0	719.0	93.0	10.0	1.5	-0.0714976744186026	0.1744433828609921	-0.04397659580083457
	1395.0	0.0	73.6051284870451	0.0	719.0	94.0	10.0	2.0	-0.0714976744186026	0.1744433828609921	-0.03771795151428197
	1396.0	0.0	68.820898695946	0.0	719.0	94.0	9.0	2.5	-0.0714976744186026	0.1744433828609921	-0.03528231543268218
	1397.0	0.0	57.3507489132883	0.0	719.0	95.0	9.0	3.0	-0.0714976744186026	0.1744433828609921	-0.02941136508296933
	1398.0	0.0	32.1564020507909	0.0	719.0	97.0	8.0	3.5	-0.0714976744186026	0.1744433828609921	-0.0164949013977505
	1399.0	45.0	32.1564020507909	0.0	719.0	97.0	8.0	4.0	0.0714976744186026	-0.9880829210180105	-0.02661093592763119
	1400.0	45.0	30.0335577480805	0.0	719.0	97.0	7.0	4.5	1.21546046511628	0.2715116212822529	-0.02485715360999077
	1401.0	45.0	30.0335577480805	0.0	719.0	97.0	7.0	5.0	1.73381860465115	0.7866096947212943	-0.02485942630619063
	1402.0	45.0	30.0335577480805	0.0	719.0	97.0	7.0	5.5	2.59179069767436	1.6416188460268026	-0.02486107411386449
	1403.0	188.46	32.1564020507909	0.0	719.0	97.0	8.0	6.0	4.86184186046512	1.7834026138098227	-0.05649228247790254
	1404.0	408.285	34.4104493479731	0.0	719.0	97.0	9.0	6.5	5.20145581395346	-0.7400091664838229	-0.08895981608301894
	1405.0	690.975	36.8025642435226	0.0	719.0	97.0	10.0	7.0	5.20145581395346	-1.7262843657303772	-0.1020308349745274
	1406.0	816.615	39.3398985631852	0.0	719.0	97.0	11.0	7.5	10.4207860465117	3.058951601367842	-0.1090483302698225
	1407.0	973.71	182.129565873114	0.0	719.0	87.0	12.0	8.0	13.8884232558141	5.627008530364726	-0.5111436293779612
	1408.0	1099.35	314.162238346073	0.0	719.0	79.0	13.0	8.5	16.4980883720936	6.419342049860111	-0.9005908979218392
	1409.0	1413.45	415.126599991756	0.63388888888889	719.0	74.0	14.0	9.0	17.3560604651167	5.2566013242709175	-0.6175847732354561
	1410.0	1570.5	545.013291706472	1.99777777777778	719.0	68.0	15.0	9.5	14.2459116279064	1.8413475631280196	0.34984942662255913
	1411.0	1821.735	690.033838774528	2.59944444444445	719.0	62.0	16.0	10.0	15.6222418604654	3.16639847258614	0.5205747971603452
	1412.0	2010.24	793.382228483628	3.2238888888889	719.0	59.0	17.0	10.5	4.86184186046512	-7.413701073990371	0.8764988675784959
	1413.0	1256.4	832.083800604781	2.05944444444445	719.0	57.0	17.0	11.0	15.6222418604654	4.6289178233201085	-0.22057327998720577
	1414.0	1413.45	754.680656362476	2.02111111111111	719.0	61.0	17.0	11.5	7.81112093023256	-3.2443348900503004	-0.0452847138688659
	1415.0	2512.8	845.042914204499	3.80555555555555	719.0	59.0	18.0	12.0	5.20145581395346	-6.365180481057999	1.439629615473462
	1416.0	3141.0	906.875322560926	nan	719.0	56.0	18.0	12.5	5.20145581395346	-6.233912350173199	nan
	1417.0	2355.75	987.394028605486	3.38055555555555	719.0	55.0	19.0	13.0	10.4207860465117	-1.38946247182988	0.7495951975653732
	1418.0	2669.805	987.394028605486	nan	719.0	55.0	19.0	13.5	15.6222418604654	3.80062627203219	nan
	1419.0	1884.555	987.394028605486	nan	719.0	55.0	19.0	14.0	13.0125767441859	1.2043167072057699	nan
	1420.0	942.255	1009.33611813005	nan	719.0	54.0	19.0	14.5	6.50628837209308	-2.534300961634563	nan
	1421.0	2952.495	1074.0090414431	nan	719.0	54.0	20.0	15.0	10.4207860465117	-1.8952161839768298	nan
	1422.0	2135.88	1074.0090414431	nan	719.0	54.0	20.0	15.5	12.1546046511628	-0.09293358833475018	nan
	1423.0	1696.14	1050.66101880303	nan	719.0	55.0	20.0	16.0	11.2787581395349	-0.8688094205112993	nan
	1424.0	1539.045	1027.31299616296	3.75222222222223	719.0	56.0	20.0	16.5	8.66909302325576	-3.1866064028356895	1.3036196218735463
	1425.0	1381.995	1027.31299616296	3.46166666666667	719.0	56.0	20.0	17.0	6.93527441860462	-4.07948080465049	1.0371598086888252
	1426.0	1256.4	1003.9649735229	2.7338888888889	719.0	57.0	20.0	17.5	7.81112093023256	-2.6928103048573693	0.40273340402595803
	1427.0	1099.35	980.61695088283	2.51222222222222	719.0	58.0	20.0	18.0	6.50628837209308	-3.328991666241886	0.2874932939865422
	1428.0	942.255	921.567760031787	2.81944444444445	719.0	58.0	19.0	18.5	4.32560930232564	-4.653257195205471	0.7622674175368558
	1429.0	753.84	899.625670507221	2.7011111111111	719.0	59.0	19.0	19.0	3.80725116279064	-4.683024646160243	0.6724252120902379
	1430.0	565.335	855.741491458088	2.06555555555556	719.0	61.0	19.0	19.5	1.03671627906977	-7.342184712845565	0.11888674883261996
	1431.0	282.645	811.857312408955	1.39277777777778	719.0	63.0	19.0	20.0	1.73381860465115	-4.286103199162226	-0.1093546895268771
	1432.0	125.64	700.76729470617	0.89722222222222	719.0	66.0	18.0	20.5	1.73381860465115	-1.631803364442845	0.06766528181742193
	1433.0	62.82	522.47122363556	0.447777777777777	719.0	73.0	17.0	21.0	-0.160869767441859	-2.199731376228098	0.0005159369918276702
	1434.0	0.0	381.334489849081	0.149444444444444	719.0	79.0	16.0	21.5	-0.160869767441859	0.08507128983773571	-0.03299137667370841
	1435.0	0.0	308.699348925446	0.0	719.0	83.0	16.0	22.0	-0.160869767441859	0.08507128983773571	-0.1516672748518219
	1436.0	0.0	238.443315121582	0.0	719.0	86.0	15.0	22.5	-0.160869767441859	0.08507128983773571	-0.1190134151621416
	1437.0	0.0	207.563299995878	0.0	719.0	87.0	14.0	23.0	-0.160869767441859	0.08507128983773571	-0.1046163827073265
	1438.0	0.0	179.521279054899	0.0	719.0	88.0	13.0	23.5	-0.160869767441859	0.08507128983773571	-0.09103230791166081
	1439.0	0.0	154.109632661866	0.0	719.0	89.0	12.0	24.0	-0.160869767441859	0.08507128983773571	-0.07844917588206876
	1440.0	0.0	131.132995210617	0.0	720.0	90.0	11.0	0.5	-0.0714976744186026	0.1744433828609921	-0.06692215557348946
	1441.0	0.0	118.019695689555	0.0	720.0	91.0	11.0	1.0	-0.0714976744186026	0.1744433828609921	-0.06033228091575801
	1442.0	0.0	91.793096647432	0.0	720.0	93.0	11.0	1.5	-0.0714976744186026	0.1744433828609921	-0.04697884336226869
	1443.0	0.0	104.906396168494	0.0	720.0	92.0	11.0	2.0	-0.0714976744186026	0.1744433828609921	-0.05373438866613374
	1444.0	0.0	122.675214145075	0.0	720.0	90.0	10.0	2.5	-0.0714976744186026	0.1744433828609921	-0.06286878105982693
	1445.0	0.0	134.942735559583	0.0	720.0	89.0	10.0	3.0	-0.0714976744186026	0.1744433828609921	-0.06917808615497907
	1446.0	0.0	137.641797391892	0.0	720.0	88.0	9.0	3.5	-0.0714976744186026	0.1744433828609921	-0.07057615863510223
	1447.0	0.0	126.171647609234	0.0	720.0	89.0	9.0	4.0	-0.0714976744186026	0.1744433828609921	-0.06470394689279739
	1448.0	45.0	103.231348043919	0.0	720.0	91.0	9.0	4.5	0.160869767441859	-1.008132057879397	-0.0853987556684722
	1449.0	45.0	91.7611982612614	0.0	720.0	92.0	9.0	5.0	0.857972093023256	-0.31468155852938284	-0.07591121090392298
	1450.0	45.0	80.2910484786037	0.0	720.0	93.0	9.0	5.5	1.21546046511628	0.03945493449775683	-0.0664253517964887
	1451.0	125.64	85.8726499015527	0.0	720.0	93.0	10.0	6.0	1.55507441860462	-1.2959672572142902	-0.1180313828871239
	1452.0	314.1	73.6051284870451	0.0	720.0	94.0	10.0	6.5	3.4676372093023	-2.2153116247508224	-0.172243381173044
	1453.0	502.56	70.0498330281207	0.0	720.0	95.0	12.0	7.0	5.20145581395346	-2.0864666075025644	-0.1901278687825118
	1454.0	659.61	74.8005329395412	0.0	720.0	95.0	13.0	7.5	11.636246511628	3.917153934903081	-0.2071448336037174
	1455.0	879.48	143.697669227916	0.0	720.0	91.0	14.0	8.0	10.4207860465117	2.0945045495024583	-0.3985265091655179
	1456.0	1036.485	221.411649755754	0.375	720.0	87.0	15.0	8.5	15.6222418604654	5.24159778026584	-0.2517075533794232
	1457.0	1256.4	399.49327507999	1.45944444444444	720.0	78.0	16.0	9.0	15.6222418604654	3.62960018762867	0.28137055947035816
	1458.0	1507.68	599.874367877865	1.81555555555556	720.0	69.0	17.0	9.5	11.636246511628	-0.9995150566035296	0.0043418736601981145
	1459.0	1758.96	824.432111419023	2.6911111111111	720.0	60.0	18.0	10.0	15.6222418604654	2.854816866367729	0.2104942515290631
	1460.0	1978.785	943.509849556354	3.0888888888889	720.0	57.0	19.0	10.5	13.8884232558141	1.3604945511056492	0.3222434350084451
	1461.0	659.61	1003.9649735229	3.2488888888889	720.0	57.0	20.0	11.0	13.3700651162795	4.116868138331856	0.7297460134733837
	1462.0	2324.34	1067.78046403047	3.7838888888889	720.0	57.0	21.0	11.5	13.0125767441859	0.012741281100300483	0.8500672550459898
	1463.0	596.745	1042.9483602158	3.95444444444445	720.0	58.0	21.0	12.0	6.50628837209308	-2.47481003680885	1.5321645107072972
	1464.0	2198.7	1042.9483602158	nan	720.0	58.0	21.0	12.5	nan	nan	nan
	1465.0	2575.575	1108.71445226844	4.30055555555555	720.0	58.0	22.0	13.0	13.0125767441859	0.6967533367844503	1.4831673237753442
	1466.0	565.335	1135.11241541769	3.78333333333333	720.0	57.0	22.0	13.5	11.636246511628	2.7405720405975966	1.3224272033424311
	1467.0	2135.88	1135.11241541769	2.98555555555555	720.0	57.0	22.0	14.0	9.02658139534884	-3.2101733604945704	0.20392152889004
	1468.0	219.87	1067.78046403047	2.62444444444445	720.0	57.0	21.0	14.5	4.86184186046512	-0.5905132135386957	1.0364741000289202
	1469.0	1099.35	1092.61256784513	2.73666666666668	720.0	56.0	21.0	15.0	5.20145581395346	-5.0242410120674705	0.18295373326238895
	1470.0	1884.555	1092.61256784513	2.76833333333332	720.0	56.0	21.0	15.5	11.636246511628	-0.8945404798550491	0.04678793279614313
	1471.0	251.28	1067.78046403047	2.54166666666667	720.0	57.0	21.0	16.0	2.59179069767436	-3.632425788247836	0.794523353345441
	1472.0	942.255	1018.11625640114	2.37222222222222	720.0	59.0	21.0	16.5	5.20145581395346	-4.433696087720669	0.04751226838943712
	1473.0	471.105	993.28415258648	1.81555555555556	720.0	60.0	21.0	17.0	2.59179069767436	-6.219723116573462	-0.36247299523225696
	1474.0	1319.22	993.28415258648	2.25166666666666	720.0	60.0	21.0	17.5	7.81112093023256	-3.621040414739399	-0.1907758507342181
	1475.0	471.105	993.28415258648	1.99666666666666	720.0	60.0	21.0	18.0	6.50628837209308	-2.1962796693377653	-0.1730532882964
	1476.0	157.05	993.28415258648	1.32333333333334	720.0	60.0	21.0	18.5	1.21546046511628	-2.958548336938727	0.03747380631771602
	1477.0	471.105	943.619944957156	1.885	720.0	62.0	21.0	19.0	1.03671627906977	-7.736281173557675	-0.2890331042792498
	1478.0	533.97	1018.11625640114	2.13222222222223	720.0	59.0	21.0	19.5	2.59179069767436	-6.279554145764669	-0.24529532109393015
	1479.0	188.46	993.28415258648	1.58944444444445	720.0	60.0	21.0	20.0	3.4676372093023	-1.3173069616668398	0.12554693721582688
	1480.0	125.64	863.876837682493	1.09888888888889	720.0	63.0	20.0	20.5	3.4676372093023	-0.029589955988440053	0.07232693227566389
	1481.0	31.41	723.788701842089	0.474444444444445	720.0	69.0	20.0	21.0	0.0714976744186026	-1.1961823497829154	-0.0002713735925726768
	1482.0	0.0	548.552238114159	0.262222222222222	720.0	75.0	19.0	21.5	-0.160869767441859	0.08507128983773571	0.0006142310045742505
	1483.0	0.0	482.72596954046	0.0933333333333335	720.0	78.0	19.0	22.0	-0.160869767441859	0.08507128983773571	-0.14304328293499752
	1484.0	0.0	288.551238996658	0.0	720.0	86.0	18.0	22.5	-0.160869767441859	0.08507128983773571	-0.1435525655057575
	1485.0	0.0	251.560218787492	0.0	720.0	87.0	17.0	23.0	-0.160869767441859	0.08507128983773571	-0.1265053982003897
	1486.0	0.0	181.587852309086	0.0	720.0	90.0	16.0	23.5	-0.160869767441859	0.08507128983773571	-0.09193246759631836
	1487.0	0.0	272.381778463629	0.0	720.0	85.0	16.0	24.0	-0.160869767441859	0.08507128983773571	-0.1385157742252405
	1488.0	0.0	374.6966380482	0.0	721.0	78.0	15.0	0.5	-0.339613953488372	-0.09367289620877728	-0.1910148312945453
	1489.0	0.0	425.791634145682	0.0	721.0	75.0	15.0	1.0	-0.339613953488372	-0.09367289620877728	-0.2173354092952162
	1490.0	0.0	442.823299511509	0.0	721.0	74.0	15.0	1.5	-0.339613953488372	-0.09367289620877728	-0.2261865100733148
	1491.0	0.0	442.823299511509	0.0	721.0	74.0	15.0	2.0	-0.339613953488372	-0.09367289620877728	-0.2262861268190173
	1492.0	0.0	442.823299511509	0.0	721.0	74.0	15.0	2.5	-0.339613953488372	-0.09367289620877728	-0.226357935002284
	1493.0	0.0	442.823299511509	0.0	721.0	74.0	15.0	3.0	-0.339613953488372	-0.09367289620877728	-0.2264101115862407
	1494.0	0.0	335.294561531803	0.0	721.0	79.0	14.0	3.5	-0.518358139534884	-0.27241708225528927	-0.1714608751642945
	1495.0	0.0	207.563299995878	0.0	721.0	87.0	14.0	4.0	-0.428986046511628	-0.18304498923203333	-0.1061886717150151
	1496.0	0.0	194.481385642807	0.0	721.0	87.0	13.0	4.5	-0.0714976744186026	0.1744433828609921	-0.09956114731624305
	1497.0	45.0	194.481385642807	0.0	721.0	87.0	13.0	5.0	0.339613953488372	-1.097542688113127	-0.1606638782550112
	1498.0	45.0	194.481385642807	0.151111111111111	721.0	87.0	13.0	5.5	2.07343255813948	0.6330488817433049	-0.009562057318465489
	1499.0	62.82	209.441492230716	0.201666666666666	721.0	86.0	13.0	6.0	3.98599534883718	2.116332489004575	0.0025866741615858946
	1500.0	125.64	224.401598818624	0.51	721.0	85.0	13.0	6.5	6.2381720930232	2.8404126675862282	0.20204228695898352
	1501.0	251.28	255.46252307185	0.71722222222222	721.0	84.0	14.0	7.0	7.81112093023256	2.075453663790766	0.18698915938117366
	1502.0	408.285	255.46252307185	0.82388888888889	721.0	84.0	14.0	7.5	10.4207860465117	3.125581347004668	0.1664889637233148
	1503.0	722.385	272.506645853236	0.985	721.0	84.0	15.0	8.0	10.4207860465117	2.26244500366076	0.23483383089839915
	1504.0	314.1	308.699348925446	0.93611111111111	721.0	83.0	16.0	8.5	10.0632976744186	3.319409406275021	0.2206946766626634
	1505.0	1099.35	387.015721211526	1.04611111111111	721.0	80.0	17.0	9.0	15.6222418604654	4.25461978188814	-0.05190199881635982
	1506.0	1413.45	503.120437574984	1.27	721.0	74.0	17.0	9.5	15.6222418604654	3.20747844495655	-0.22845468211750997
	1507.0	1570.5	741.988900277121	1.88611111111111	721.0	64.0	18.0	10.0	15.6222418604654	3.0480158416741485	-0.323065444936929
	1508.0	1727.505	855.741491458088	2.31722222222222	721.0	61.0	19.0	10.5	16.8377023255808	4.334145515599779	-0.1885655013479952
	1509.0	2041.65	1003.9649735229	2.38388888888889	721.0	57.0	20.0	11.0	16.3193441860462	3.8038788198150613	-0.4792137311757081
	1510.0	2198.7	1074.0090414431	2.865	721.0	54.0	20.0	11.5	14.2459116279064	1.7066739616253201	-0.07589555269230086
	1511.0	2512.8	1142.27677547445	2.88666666666668	721.0	54.0	21.0	12.0	11.2787581395349	-1.2621074584119292	-0.12384995878583682
	1512.0	2669.805	1117.44467165979	2.7888888888889	721.0	55.0	21.0	12.5	9.36619534883718	-2.80454679922385	-0.030878114188120254
	1513.0	1570.5	1117.44467165979	2.56222222222223	721.0	55.0	21.0	13.0	7.81112093023256	-3.9691557476509	-0.11716731797857083
	1514.0	596.745	1042.9483602158	2.24166666666666	721.0	58.0	21.0	13.5	9.11595348837206	0.487437101926389	0.014831010829019942
	1515.0	2889.675	1092.61256784513	2.6261111111111	721.0	56.0	21.0	14.0	14.2459116279064	2.07316279782496	-0.07649365461931179
	1516.0	628.2	1117.44467165979	2.32111111111111	721.0	55.0	21.0	14.5	6.93527441860462	-1.8397266090959805	-0.07849446558857842
	1517.0	3329.46	1240.70426801469	2.53777777777777	721.0	53.0	22.0	15.0	7.81112093023256	-4.65964466843786	-0.5070842616996543
	1518.0	2952.495	1267.10223116394	2.745	721.0	52.0	22.0	15.5	6.93527441860462	-5.40559136232094	-0.2561882315485877
	1519.0	1884.555	1240.70426801469	2.24166666666666	721.0	53.0	22.0	16.0	10.4207860465117	-1.71154819333157	-0.583533128210747
	1520.0	2198.7	1267.10223116394	3.1161111111111	721.0	52.0	22.0	16.5	12.6729627906974	0.5413416551235191	0.23418878965129508
	1521.0	942.255	1240.70426801469	2.73333333333332	721.0	53.0	22.0	17.0	11.1178883720931	1.8269920852126003	0.23489349191097686
	1522.0	1758.96	1214.30630486544	2.60555555555555	721.0	54.0	22.0	17.5	7.81112093023256	-4.217816139183659	-0.16162533538427537
	1523.0	1790.325	1214.30630486544	2.51777777777777	721.0	54.0	22.0	18.0	7.81112093023256	-4.09213350533787	-0.2401594765129791
	1524.0	314.1	1142.27677547445	2.89666666666668	721.0	54.0	21.0	18.5	3.80725116279064	-3.318421919082416	0.9407077619556568
	1525.0	1193.535	1092.61256784513	3.17722222222222	721.0	56.0	21.0	19.0	nan	nan	0.711528019936694
	1526.0	942.255	980.61695088283	1.70888888888889	721.0	58.0	20.0	19.5	3.80725116279064	-5.083511046657312	-0.411446823089761
	1527.0	502.56	877.683580982655	2.06055555555555	721.0	60.0	19.0	20.0	3.80725116279064	-4.303801877614951	0.17057663266654188
	1528.0	314.1	783.210505848072	1.96111111111111	721.0	62.0	18.0	20.5	2.43092093023256	-3.953179049446482	0.46496361987298496
	1529.0	157.05	580.523581817289	2.23	721.0	70.0	17.0	21.0	1.28695813953487	-2.5448418614468444	1.451447528873902
	1530.0	45.0	399.49327507999	1.44222222222222	721.0	78.0	16.0	21.5	1.55507441860462	0.06563755500048685	1.1471826139793886
	1531.0	45.0	326.858134156355	0.839444444444445	721.0	82.0	16.0	22.0	1.28695813953487	-0.22292503099083705	0.5873082998677372
	1532.0	0.0	255.474980487409	0.153888888888889	721.0	85.0	15.0	22.5	-0.160869767441859	0.08507128983773571	0.02856426201543319
	1533.0	0.0	238.443315121582	0.0	721.0	86.0	15.0	23.0	-0.339613953488372	-0.09367289620877728	-0.118954204823167
	1534.0	0.0	223.529707687869	0.0	721.0	86.0	14.0	23.5	-0.160869767441859	0.08507128983773571	-0.1126303855047805
	1535.0	0.0	223.529707687869	0.0	721.0	86.0	14.0	24.0	-0.160869767441859	0.08507128983773571	-0.1133187094415683
	1536.0	0.0	207.563299995878	0.0	722.0	87.0	14.0	0.5	-0.160869767441859	0.08507128983773571	-0.1056228774951215
	1537.0	0.0	191.596892303887	0.0	722.0	88.0	14.0	1.0	-0.160869767441859	0.08507128983773571	-0.09773858754356841
	1538.0	0.0	179.521279054899	0.0	722.0	88.0	13.0	1.5	-0.160869767441859	0.08507128983773571	-0.09172994582492931
	1539.0	0.0	179.521279054899	0.0	722.0	88.0	13.0	2.0	-0.160869767441859	0.08507128983773571	-0.0918334646980113
	1540.0	0.0	168.11959926749	0.0	722.0	88.0	12.0	2.5	-0.160869767441859	0.08507128983773571	-0.08606628033673039
	1541.0	0.0	168.11959926749	0.0	722.0	88.0	12.0	3.0	-0.160869767441859	0.08507128983773571	-0.0861134890371845
	1542.0	0.0	168.11959926749	0.0	722.0	88.0	12.0	3.5	-0.0714976744186026	0.1744433828609921	-0.08614629926047727
	1543.0	45.0	168.11959926749	0.0	722.0	88.0	12.0	4.0	0.160869767441859	-1.213518442490551	-0.1389858222842192
	1544.0	45.0	157.359594252741	0.0	722.0	88.0	11.0	4.5	0.250241860465116	-1.071874491517769	-0.1300868607054267
	1545.0	45.0	118.019695689555	0.0	722.0	91.0	11.0	5.0	0.518358139534884	-0.807429621963393	-0.0975668165307676
	1546.0	62.82	91.793096647432	0.0	722.0	93.0	11.0	5.5	1.37633023255808	-0.311265676410422	-0.08731783584300505
	1547.0	345.465	112.079732844993	0.0	722.0	92.0	12.0	6.0	10.4207860465117	4.018706785184409	-0.272035958581222
	1548.0	690.975	112.079732844993	0.0	722.0	92.0	12.0	6.5	4.16473953488372	-3.301891272542525	-0.3102550686986826
	1549.0	785.25	134.640959291174	0.0	722.0	91.0	13.0	7.0	3.80725116279064	-3.9638706139535027	-0.3724290629256451
	1550.0	848.07	209.441492230716	0.148333333333333	722.0	86.0	13.0	7.5	3.80725116279064	-4.124138700322831	-0.4304422532729617
	1551.0	973.71	223.529707687869	0.350555555555555	722.0	86.0	14.0	8.0	7.81112093023256	-1.2171919043559534	-0.27359419209685326
	1552.0	1256.4	459.854964877336	0.355555555555555	722.0	73.0	15.0	8.5	10.4207860465117	-1.4713482331294294	-0.9972144384042021
	1553.0	1570.5	599.874367877865	0.955555555555555	722.0	69.0	17.0	9.0	14.4067813953487	1.5281790822787595	-0.854172495706861
	1554.0	1758.96	721.378097491646	1.93166666666667	722.0	65.0	18.0	9.5	14.2459116279064	1.286351779238391	-0.2281460955745842
	1555.0	1947.42	833.799401933522	1.66944444444445	722.0	62.0	19.0	10.0	10.4207860465117	-2.35480545355877	-0.7798190404508007
	1556.0	2073.015	899.625670507221	2.10611111111111	722.0	59.0	19.0	10.5	11.7971162790697	-0.5957433054480905	-0.4593800577049332
	1557.0	2387.115	1074.0090414431	2.9188888888889	722.0	54.0	20.0	11.0	11.9758604651163	-0.49528280539731995	-0.06540825861754795
	1558.0	2607.03	1241.6051907331	3.195	722.0	50.0	21.0	11.5	12.3333488372094	-0.4741778988999812	-0.10419126259018308
	1559.0	2073.015	1191.94098310378	3.1038888888889	722.0	52.0	21.0	12.0	11.7256186046512	-0.4411021915190716	0.1532795457788967
	1560.0	2764.035	1117.44467165979	3.53166666666668	722.0	55.0	21.0	12.5	13.0125767441859	1.0916436512006005	0.8270627261499999
	1561.0	2732.67	1161.51037856694	3.18555555555555	722.0	56.0	22.0	13.0	13.0125767441859	1.06845791192743	0.4030346326137888
	1562.0	2638.44	1372.69408376093	3.38666666666668	722.0	48.0	22.0	13.5	13.1913209302321	1.2750267057550513	0.14101220558118222
	1563.0	2575.575	1425.49001005943	3.3611111111111	722.0	46.0	22.0	14.0	13.0125767441859	1.28865361160317	0.134571358139699
	1564.0	2512.8	1478.28593635793	3.29777777777777	722.0	44.0	22.0	14.5	13.3700651162795	1.7708576850644597	0.0666660052439001
	1565.0	2418.57	1478.28593635793	3.51777777777778	722.0	44.0	22.0	15.0	13.0125767441859	1.509615280945729	0.38031517498981016
	1566.0	2261.475	1451.88797320868	3.0788888888889	722.0	45.0	22.0	15.5	12.8517069767436	1.3764181868836403	0.053054162053443044
	1567.0	2073.015	1514.66556309163	3.13777777777777	722.0	46.0	23.0	16.0	12.3333488372094	0.7668279939030604	-0.005721616411924035
	1568.0	1884.555	1514.66556309163	3.08277777777777	722.0	46.0	23.0	16.5	13.0125767441859	1.5393647550998892	-0.015797145072991015
	1569.0	1696.14	1458.56683853268	2.87166666666668	722.0	48.0	23.0	17.0	11.7971162790697	0.4222837175433103	-0.0858857781514093
	1570.0	1539.045	1293.50019431318	2.80277777777778	722.0	51.0	22.0	17.5	9.20532558139538	-2.007645940791001	0.17643743635096376
	1571.0	1256.4	1240.70426801469	2.68944444444445	722.0	53.0	22.0	18.0	7.81112093023256	-3.147752034457209	0.16173236060878704
	1572.0	942.255	1214.30630486544	2.48333333333333	722.0	54.0	22.0	18.5	6.50628837209308	-2.5545604549380494	0.07416905058131196
	1573.0	628.2	1187.90834171619	2.14722222222223	722.0	55.0	22.0	19.0	8.66909302325576	-0.024359213429555382	-0.26742586089977705
	1574.0	439.74	1092.61256784513	3.28	722.0	56.0	21.0	19.5	6.50628837209308	-1.6004933928051779	1.1198521862135737
	1575.0	251.28	1042.9483602158	0.96388888888889	722.0	58.0	21.0	20.0	3.80725116279064	-2.382762346278858	-0.714406641011533
	1576.0	125.64	993.28415258648	0.32111111111111	722.0	60.0	21.0	20.5	1.37633023255808	-2.1326630887169378	-0.7874363158372539
	1577.0	62.82	770.484747122224	0.0505555555555555	722.0	67.0	20.0	21.0	1.03671627906977	-1.124979053926298	-0.5797319611386026
	1578.0	45.0	592.436417163292	0.0	722.0	73.0	19.0	21.5	0.339613953488372	-1.308120015379973	-0.4431298055808419
	1579.0	0.0	474.048464065938	0.0	722.0	77.0	18.0	22.0	-0.160869767441859	0.08507128983773571	-0.2274977755463557
	1580.0	0.0	328.963363029797	0.0994444444444445	722.0	83.0	17.0	22.5	-0.250241860465116	-0.004300803185521285	-0.06232610824331411
	1581.0	0.0	309.612576969221	0.297222222222222	722.0	84.0	17.0	23.0	-0.339613953488372	-0.09367289620877728	0.1426271801576239
	1582.0	0.0	272.381778463629	0.217777777777778	722.0	85.0	16.0	23.5	nan	nan	0.0805184941325513
	1583.0	0.0	272.381778463629	0.0	722.0	85.0	16.0	24.0	-0.518358139534884	-0.27241708225528927	-0.1380590270964357
	1584.0	0.0	255.474980487409	0.0	723.0	85.0	15.0	0.5	-0.0714976744186026	0.1744433828609921	-0.1299615413098347
	1585.0	0.0	255.474980487409	0.0	723.0	85.0	15.0	1.0	-0.160869767441859	0.08507128983773571	-0.1302740180285483
	1586.0	0.0	255.474980487409	0.0	723.0	85.0	15.0	1.5	-0.250241860465116	-0.004300803185521285	-0.1304793002027976
	1587.0	0.0	238.443315121582	0.0	723.0	86.0	15.0	2.0	-0.0714976744186026	0.1744433828609921	-0.1219092707466426
	1588.0	0.0	207.563299995878	0.0	723.0	87.0	14.0	2.5	0.0	0.2459410572795947	-0.1062028777405178
	1589.0	0.0	191.596892303887	0.0	723.0	88.0	14.0	3.0	0.0	0.2459410572795947	-0.09809352922241432
	1590.0	0.0	175.630484611897	0.0	723.0	89.0	14.0	3.5	0.0	0.2459410572795947	-0.08996090689571389
	1591.0	0.0	175.630484611897	0.0	723.0	89.0	14.0	4.0	0.0	0.2459410572795947	-0.08999357629471708
	1592.0	0.0	159.664076919906	0.0	723.0	90.0	14.0	4.5	0.0	0.2459410572795947	-0.08183334870179816
	1593.0	0.0	159.664076919906	0.0	723.0	90.0	14.0	5.0	0.0	0.2459410572795947	-0.08185111156578731
	1594.0	45.0	159.664076919906	nan	723.0	90.0	14.0	5.5	0.679227906976744	-0.8160610440471741	nan
	1595.0	45.0	170.316653658273	nan	723.0	90.0	15.0	6.0	0.339613953488372	-1.209039929924756	nan
	1596.0	45.0	170.316653658273	nan	723.0	90.0	15.0	6.5	0.0714976744186026	-1.4791201848449143	nan
	1597.0	45.0	170.316653658273	nan	723.0	90.0	15.0	7.0	2.59179069767436	1.039907512063787	nan
	1598.0	45.0	170.316653658273	nan	723.0	90.0	15.0	7.5	3.89662325581398	2.344320331630043	nan
	1599.0	45.0	181.587852309086	nan	723.0	90.0	16.0	8.0	3.0	1.402874474775516	nan
	1600.0	47.115	181.587852309086	0.0716666666666665	723.0	90.0	16.0	8.5	3.0	1.345246026081951	-0.08112189198240759
	1601.0	188.46	181.587852309086	nan	723.0	90.0	16.0	9.0	7.81112093023256	2.904028998324102	nan
	1602.0	219.87	181.587852309086	0.155555555555555	723.0	90.0	16.0	9.5	8.32947906976744	2.927177761532075	-0.19425837669616958
	1603.0	282.645	181.587852309086	0.226111111111111	723.0	90.0	16.0	10.0	7.81112093023256	1.61668342742023	-0.17448394789336077
	1604.0	235.53	170.316653658273	0.314444444444445	723.0	90.0	15.0	10.5	6.41691627906974	1.0058351924707054	-0.027342946870924867
	1605.0	157.05	204.379984389927	0.357777777777777	723.0	88.0	15.0	11.0	5.20145581395346	1.1255580724591168	0.03579961462037917
	1606.0	94.23	238.443315121582	nan	723.0	86.0	15.0	11.5	4.50435348837206	1.731568833475026	nan
	1607.0	549.675	238.443315121582	0.403333333333332	723.0	86.0	15.0	12.0	5.20145581395346	-2.30449870009455	-0.25047185736898403
	1608.0	235.53	223.529707687869	0.452222222222223	723.0	86.0	14.0	12.5	5.3802	0.33748750781273973	0.005036933438158309
	1609.0	94.23	223.529707687869	nan	723.0	86.0	14.0	13.0	2.43092093023256	-0.22682451812264404	nan
	1610.0	942.255	223.529707687869	0.75277777777778	723.0	86.0	14.0	13.5	3.4676372093023	-5.078680014998541	0.13250402311672982
	1611.0	2198.7	340.633307316545	0.99388888888889	723.0	80.0	15.0	14.0	10.5816558139535	-0.8911770268427706	-0.0610023399225349
	1612.0	1884.555	425.791634145682	1.29444444444445	723.0	75.0	15.0	14.5	7.81112093023256	-3.7042436559107497	-0.008023113442158891
	1613.0	1005.12	562.922342158167	1.59611111111111	723.0	69.0	16.0	15.0	13.0125767441859	3.305415662298877	0.04437040763770295
	1614.0	1821.735	715.979084241323	1.73111111111111	723.0	63.0	17.0	15.5	13.8884232558141	1.9732602674103301	-0.41110629197411397
	1615.0	785.25	762.599703062597	2.15388888888889	723.0	63.0	18.0	16.0	14.2459116279064	5.336177463858402	0.16021143938464988
	1616.0	2198.7	783.210505848072	1.78444444444445	723.0	62.0	18.0	16.5	9.02658139534884	-2.963015787707789	-0.48103258497145096
	1617.0	1256.4	762.599703062597	1.87555555555556	723.0	63.0	18.0	17.0	15.6222418604654	4.7090968807353395	-0.16835340084453376
	1618.0	753.84	721.378097491646	2.03388888888889	723.0	65.0	18.0	17.5	13.8884232558141	5.157914053547286	0.2488018449486622
	1619.0	314.1	721.378097491646	1.71222222222222	723.0	65.0	18.0	18.0	4.32560930232564	-2.1273917031727176	0.206419847805414
	1620.0	785.25	700.76729470617	2.00333333333334	723.0	66.0	18.0	18.5	10.4207860465117	1.7119815559662896	0.2561507059612731
	1621.0	942.255	700.76729470617	1.64166666666666	723.0	66.0	18.0	19.0	8.66909302325576	-0.573862340695177	-0.11556658770366801
	1622.0	471.105	700.76729470617	1.69277777777778	723.0	66.0	18.0	19.5	8.1507348837209	-0.018772089377584678	0.003624732000041986
	1623.0	251.28	680.156491920694	1.53888888888889	723.0	67.0	18.0	20.0	5.20145581395346	-0.2799946060830161	0.26882201629772906
	1624.0	125.64	638.575939999018	1.08222222222222	723.0	67.0	17.0	20.5	1.73381860465115	-1.655012007935932	0.28310149059664247
	1625.0	62.82	508.445986465441	0.535555555555555	723.0	72.0	16.0	21.0	2.59179069767436	0.593929576459673	0.084893211299234
	1626.0	45.0	391.728303414027	0.289444444444445	723.0	77.0	15.0	21.5	0.339613953488372	-1.130167696693919	-0.019040341731907107
	1627.0	45.0	271.42893076384	0.0	723.0	83.0	14.0	22.0	0.0714976744186026	-1.3529595581015073	-0.2171652592878541
	1628.0	0.0	194.481385642807	0.0	723.0	87.0	13.0	22.5	0.0	0.2459410572795947	-0.097534755540641
	1629.0	0.0	194.481385642807	0.0	723.0	87.0	13.0	23.0	0.0	0.2459410572795947	-0.09832749117870782
	1630.0	0.0	182.129565873114	0.0	723.0	87.0	12.0	23.5	0.0	0.2459410572795947	-0.09253686816966783
	1631.0	0.0	210.149499084362	0.0	723.0	85.0	12.0	24.0	-0.339613953488372	-0.09367289620877728	-0.1071072590418162